index,value
判断,18689
整体,59450
产品,106656
优化,38357
基础,27783
方式,15230
加大,37393
产品销售,7210
稳定,37062
酱油,992
持续,121042
采购,16413
渠道,38166
费用,46460
锁定,2856
期货,751
政府,13819
成本,54601
价格,58692
经销商,10694
增速,79874
呈现,11500
投放,15754
构筑,3056
核心,65370
季度,40731
经济,28574
加剧,41143
奠定,9097
利益,3871
预测,105920
暂无,281
稳健,33115
计划,32530
深耕,13423
补贴,5113
机制,5684
发展,84854
力度,22793
下行,27037
投资,124721
公司,160114
预计,144772
三季度,35404
证券,145237
短期,35150
增加,60818
完善,17540
国内,73950
结构,46441
消除,2947
环保,11031
销售费用,12080
品牌,35850
技改,3785
建设,49399
绑定,6352
品类,19343
预期,152075
产能,58531
盈利,120770
为元元元,9492
风险,167077
依旧,6015
路线,3207
逐年,2851
营销,16817
明年,7533
提示,142788
有望,116851
工资,846
用量,1447
提价,7099
幅度,12078
大豆,432
展望,12399
简报,465
变动,15179
影响,95615
生产,42207
国海,2011
收入,114708
龙头,52051
持平,15720
物流,8001
蚝油,540
宣传,2348
强大,6116
竞争,48300
要点,31399
效率,19665
料酒,625
调研,3694
市场份额,18180
提升,130234
压力,26569
涉足,753
未来,88119
目标,27393
壁垒,7776
空间,60650
展望未来,2742
个位数,1968
带来,50039
趋势,39143
费用率,47107
海天,829
受益,58207
包括,32015
销售,79661
内部,9694
毛利率,81436
无忧,964
延续,22281
增持,32503
态势,16602
总体,11162
原材料,36599
小幅,16633
锁价,224
促销,4292
评级,149981
食品安全,6037
推进,58033
优势,65230
上市,23115
增长,146224
三大,10953
调味品,1583
行业,112849
味业,718
扩张,38454
快速,44346
表现,39701
有利于,13416
下游,39644
转换,3349
给予,54767
正极,1820
终端,19852
走势,4623
领先,30538
模型,2461
高成长性,1849
深厚,3584
积淀,1300
转移,4709
动力电池,3940
股价,39427
生态,7116
打入,659
净利润,138148
格局,19214
下跌,13878
经验,8862
业界,716
扩充,5826
覆盖,31855
成长,47008
享受,7109
靠近,505
看好,37638
业务,105727
资金,28739
层次,461
伴随,11938
为元,49783
不达,17323
高阶,559
客户,52629
亿元,147069
装置,3604
研究,11705
战略,41054
因素,39421
可比,21205
导入期,300
储能,4550
优质,21440
复制,3497
深度,16263
技术,48155
智能,22160
步入,5000
归母,126350
电池,9708
供应链,15363
智能手机,2211
硬件,3477
报告,48888
营收,75099
缓解,11042
营业,72023
厂商,14221
销量,32468
整车厂,961
需求,83651
电池厂,513
角度,5301
募集,9362
汽车,28437
供需,9420
传统,21765
路径,4340
估值,73799
景气,38552
后续,27918
电芯,831
利好,9730
首次,25157
研发,69878
国际,22785
结构性,5506
恒生,1013
广阔,13252
成果,4916
软包,553
进展,20789
电子,23194
市场,111267
高速,24183
渗透率,11984
联想,432
小米,1712
欣旺达,369
消费,33005
全球,47109
领域,58253
开拓,20652
笔记本,338
上游,14756
项目,67218
增量,24868
率领,406
材料,18838
发现,6813
锂电池,3948
机会,13111
快速增长,28093
保持高速,4417
布局,65304
分析,14043
激烈,4753
动能,5853
重点,25233
拥有,23580
强烈推荐,9141
比例,23801
聚合物,410
动力,16171
目标价,41068
区域化,247
成长期,2179
客户关系,379
把握,7962
分布式,1676
企业级,803
推广,17301
小型,1105
观点,23669
公司业绩,39189
贡献,34541
主推,526
上半年,38647
业绩,123841
拓展,50069
团队,12182
市盈率,8851
服务体系,1103
形式,2504
注册,5731
数据,37535
期间,33244
集团,24239
推出,23880
教育,4570
应对,6538
协同,14387
中国,37750
开发,22082
大中型,840
单位,5813
覆盖面,847
办公,3069
一体,3443
进程,10926
波动,46463
增强,21030
负值,312
过半,827
企业,52388
服务网络,552
分销,2448
企事业,287
顾问,546
网络,11609
本地化,721
多种,4270
服务行业,664
单体,1606
低于,38642
近倍,356
稳定增长,8596
拳头产品,653
庞大,1644
连锁,2829
增长率,6319
助力,22086
位于,7005
竞争力,27411
实体,2919
制造业,6871
细分,11846
剔除,10629
互联,1844
头部,9856
大型,8487
最新,7601
工作,14780
建议,92981
事业单位,467
小微,1237
高位,14389
医疗卫生,366
软件,7071
衍生,1334
规模,60844
已有,6378
直销,2916
信息,11382
广度,822
集中度,8772
社交,1428
创造,2968
云端,762
软件开发,705
清晰,5726
信息化,7206
复合,12736
构建,8770
系统,19021
可观,3612
同比,131452
服务平台,1903
全国,21662
程度,14227
中小企业,1406
管理,60157
数量,18671
实力,10819
服务,33152
模式,21887
普及率,329
市场竞争,15641
多层次,777
围绕,8726
较强,14644
均衡,3548
连续,11186
城市,13124
高效,6621
尚处,275
组织,5659
抢占,3399
归属于,11775
长城,5039
母公司,9302
龙头企业,11760
年末,14401
中心,11125
释放,35946
遏制,398
海螺,1147
凸显,11550
南通,986
签订,10766
股份,37312
生态环境,499
万吨,25776
唐山,288
背景,24848
新一轮,6593
地位,23490
加快,22655
强化,15908
谨慎,5072
示范,2109
国资,1260
股东,26500
推动,37005
泉州,200
服务中心,385
绿色,3349
引导,2607
资质,2807
新进,331
全过程,347
将会,5673
固废,948
多方面,1854
中央,2763
处置,4892
稳步,25921
齐全,1766
两大,7152
融资,11414
市场需求,11072
沿海,609
监管,8285
多个,14681
外延,6674
危废,833
整合,16458
循环,2967
推荐,27931
批复,1607
纵深,740
启动,9222
质量,15836
并购,11160
回流,1650
落实,3119
兴起,950
东莞,3150
设计,12470
合作,30365
矛盾,794
子公司,25871
许可证,762
遥遥领先,573
持有,10638
合计,22001
经营,55488
福建,1903
互补,1490
新增,36741
区域,19756
高压,1901
途径,476
资源,21330
借助,5651
产业链,28279
持股,10339
工业,15112
步伐,3156
常态,3939
趋严,3579
日益增长,313
湖北,2567
下属,2367
水泥,3336
环评,947
创业,1416
二期,8307
无害化,211
江苏,5866
强强联合,863
协议,11126
国企,1876
有助于,11823
督查,209
销售量,2759
贝达,216
管线,3279
协议书,376
仿制,1283
局部,1487
申报,2989
药品,3808
涉及,4907
眼科,1258
获取,5713
治疗,3013
融合,7027
共同开发,428
盐酸,549
变化,24657
三期,3770
全新,4943
回暖,16266
糖尿病,555
签发,1274
药企,865
收获期,3193
去年,17651
销售额,8672
申请,3992
浙江,4526
计算,13872
群体,3301
放缓,18371
对接,1649
处于,38398
二次,2905
第一,17178
导读,1167
二季度,15043
走出,2226
生物,10660
控股,14202
首个,2830
亿亿,2654
单抗,1156
进度,26957
谈判,1997
点评,57524
肿瘤,1319
晚期,273
此前,16505
内外,1964
丰厚,1486
万人,1939
临床试验,2663
平台,36130
自主,16320
降价,5516
落后,1932
时点,1308
医保,2875
用于,15941
国家药品监督管理局,244
拐点,9826
疾病,1212
抑制剂,566
受理,1500
原研,266
通知书,442
浙商,3839
肺癌,448
患者,1878
系年,1103
新一代,4052
进口,8137
基因,2028
临床,6636
阳性,285
支付,8911
第三季度,6330
三个,6235
事件,70650
接受,1512
接近,12175
适应症,1426
替尼,370
人均,3123
创新,26297
调整,42343
收到,6094
到期,3054
解决,5987
海外,43515
药业,2906
阶段,25572
打造,21915
归属,7667
第二个,797
国外,5602
知识产权,1980
靶点,484
为元股,13817
细胞,1624
关键,9080
自年,8395
上网,1956
七年,373
蓬勃发展,1014
抢装,891
过度,1941
运维,1586
配股,586
土耳其,212
执行,7471
独有,327
欧洲,6690
视角,1274
速度,11012
对手,541
情形,1098
支撑,22986
退出,3428
推行,2630
促使,1756
潜力,10667
恢复,31869
大于,2715
预测值,2206
各国,963
印度,1954
再生能源,645
小时数,599
金风,541
具备,32031
原因,23978
更新,9248
政策,50673
年底,22810
时代,13079
发电,4458
来临,1846
税收,1361
累计,20788
优惠,1412
提前,7467
欧美,3650
存量,7252
消化,5313
风电场,623
巴西,849
仅为,2575
占据,5753
难度,2392
风机,981
装机量,2372
再度,3613
机遇,10074
降低成本,1695
风电,5210
原有,5872
巨头,5149
一代,916
美国,14280
美国市场,1083
陆上,647
退坡,1313
装机,5524
正向,2428
成熟,8985
平价,1398
三家,1399
服务收入,2358
下降,76471
由年,490
科技,32567
降低,25716
参考,17347
竞价,1564
平均,25006
量级,595
超过,39060
新兴,8822
容量,2565
行情,8756
叶片,709
持续增长,14554
市占率,18075
开发商,627
差距,3303
招标,4097
更大,4654
最低,2312
开工,5632
情况,34976
发布公告,5823
年月日,28919
发动机,2238
不确定性,12357
回复,497
转让,5047
关注,24225
供货,5505
签署,6435
军方,321
牢固,450
能力,78687
部门,2655
规模化,4947
审核,1706
通用,3586
评审,458
核电,1228
细节,426
武器装备,841
股权,33929
正式,12582
发射,516
配套,15001
东吴,4996
军民,1255
铸造,818
框架,3230
备考,578
事项,9967
国家,18027
无人机,848
拟向,4172
支付现金,1047
相关,31497
航空,6121
人员,11603
高铁,1301
系列,14676
有限公司,10205
现金,16223
新兴产业,901
本次,14375
装备,8816
上市公司,19398
标志,2344
主业,13618
航空航天,1810
买入,81796
机械,4423
军工,7841
主营业务,9906
发电机组,265
增资,3549
上交所,567
交易,13047
收购,21863
标的,12101
特种,3126
承诺,4758
市场推广,2686
零部件,6964
各方,715
两翼,1351
制造,20407
批量生产,975
利用,7417
业内,3407
控制,23022
实施,16984
审查,515
新能源,25397
提供,31053
商业模式,2992
工程技术,305
运营,27858
落地,29461
防治,488
在手,10944
加速,49017
得当,1057
高新技术,1203
核心技术,6240
高增,14399
可转债,5387
土壤,560
齐发,1526
平均水平,3863
二级,2521
四个,2483
垃圾焚烧,994
来源,5784
国内外,9943
污染,464
服务商,2979
高于,16370
修复,16664
综合性,1468
确定性,12416
治理,4906
为元以,282
专业,6187
高能,348
覆盖全国,1412
环境治理,369
恶性竞争,265
充足,11729
保障,18027
解决方案,11963
我国,18908
出台,5437
主营,6509
环境,18662
收盘价,11707
困境,885
订单,36085
系统性,4627
资金来源,639
废弃物,330
三线,1079
选择,4372
威视,593
渠道商,318
准确,644
远高于,2662
节点,1914
明晰,714
商业化,3681
蜂巢,306
工程,14868
大势所趋,1185
加码,7902
万亿,3293
智慧,8046
贸易,11261
为元元,7887
资本,18330
边缘,1000
综合,35721
商用,3224
面临,10993
主动,5794
中西部,740
定位,8625
三年,10416
安防,1951
刚性,3007
增长点,11814
库存,13427
中银国际,642
开花,2773
测算,17184
规划,17081
中长期,18367
减弱,5622
愈发,1405
架构,5402
海康,699
摩擦,7420
效果,10432
蓄势待发,1437
领导者,1173
应收,11227
雄厚,761
高质量,5522
信息网,285
粘性,3701
产业政策,1379
先发,4792
产业,25500
监控,1489
契机,2086
平安,4291
目的,1388
开支,6344
收益,30606
丽珠集团,410
作用,7583
微球,339
价格下降,3549
比降,590
新药,2567
承压,18140
监督管理,241
较大,40259
缓释,659
药物,3431
每股,22043
显示,16454
韩国,2399
提高,30757
一类,477
因子,1129
神经,298
产业化,5250
注射液,1162
下滑,56102
制剂,3177
研的,219
发挥,6023
重组,4929
负面影响,4640
生殖,218
年收入,13397
专利,3750
依然,11426
静待,3377
二者,1119
边际,13459
立项,827
品种,9757
注射用,668
批件,1030
坚实,2194
抗体,1051
醋酸,620
辅助,1974
引进,3493
总局,233
审评,1034
长效,1470
崛起,3059
第一年,1031
矩阵,6426
上映,426
震荡,7182
激光,2136
第六,356
设备,23192
剧烈,1663
影院,685
环境影响,742
恒强,1163
改善,50715
协同效应,6080
有所改善,2922
数字,6380
进一步提高,3465
不利,3671
过程,8040
低且,730
主控,354
催化,6459
排名,6087
影片,436
前期,15347
影视,1708
繁荣,409
股票市场,974
经营风险,1616
票房,573
板块,35361
发行,17055
多部,414
重构,967
特征,3515
新规,1397
渐显,652
弹性,16118
市场占有率,5561
电影,1015
位居,4319
院线,485
强者,1401
平稳,14031
活跃,2752
擅长,229
线上,10642
属性,6126
亮眼,11378
寡头,1252
家庭,2145
假设,8052
顺利,19809
性能,6100
不减,1191
稳态,450
清洁,2447
主力,4019
零售,14898
吸尘器,350
三维,639
线下,10324
亚马逊,738
投入,40023
方向,14266
人机交互,253
机器人,3064
各项,7960
零售量,345
科沃,300
电商,10829
不景气,874
估算,4344
饱和,913
市场营销,652
初显,1201
出口,11090
上限,3943
爆发式,1716
学习,1127
联网,6525
小家电,1724
宏观经济,15444
均价,13912
万台,4142
代工,2522
感知,1473
扫地,415
影响力,5435
位列,3110
通知,1969
全资,6939
电动汽车,1129
中标,6973
日元,363
松下,696
不可抗力,516
第一批,822
生产线,7598
领先地位,6261
有序,7108
内生,6095
中后,237
导致,39450
机等,434
三星,2294
迎来,25125
整线,730
引致,257
燃料电池,1025
合同,12466
跻身,1191
证明,1567
近日,4401
安徽,2680
高端,29999
贸易战,1694
扩产,12562
临近,2262
良机,1002
新动力,1055
化学,5584
前沿,886
促进作用,266
南京,3177
体系,17440
一系列,3421
圆柱,496
人民币,12829
卷绕,234
合资企业,239
金额,16636
化成,490
先导,907
品牌效应,1094
放开,1647
两种,1081
锂电,5529
极少数,220
同行,3363
起到,1912
履行,851
特斯拉,2849
很强,575
标准,6845
成分,691
汽车产业,847
动态,8846
超越,2454
扶持,1620
制造商,2207
时间,12254
西安,1365
提振,5804
提速,11369
一部分,929
以大,400
面板厂,222
行业龙头,11961
合肥,1779
台湾,557
良率,1321
东方,8080
国产化,6806
平米,3173
份额,14347
垄断,2841
合格,990
积累,11002
大陆,3180
投产,25724
面板,2422
供应商,14988
华星,416
缺口,3314
利用率,7559
大幅,72587
缓慢,3618
产品开发,2536
填补,1285
爬坡,5150
国产,13706
液晶面板,214
储备,12093
有家,549
模组,3769
陆续,15849
财务,27414
京东方,932
尺寸,3064
电工,433
电信,1915
光电,3389
出货量,8734
至少,2791
偏光片,289
明确指出,227
意义,2145
节奏,11628
天然,1284
上任,729
专用,1840
信息产业,228
研究所,1111
采用,9223
首款,1866
报价,1455
亿归母,2809
试用,411
分项,612
文件,1075
存储,2519
大规模,6305
重要性,1280
起点,1060
以往,1292
相较,4825
突破,23883
反馈,2920
测试,4976
曙光,797
服务器,2331
大额,2463
北京,6402
定制,5651
中科,1629
天津,3025
最终,5550
海光,266
公告,20329
麒麟,323
高性能,4079
确认,12348
总经理,1080
交换,442
安全性,2305
稳定性,5310
国盛,5932
可能性,3176
可行性,356
唯一,5480
验证,10506
财报,2214
授予,5091
内容,6536
中期,7966
量产,9309
差异,2841
国有企业,370
水平,45228
符合,35039
方案,11430
专家,1485
平均价格,694
法案,418
面向,4662
迭代,7638
小规模,420
出货,8095
经历,5409
利润,55135
院士,319
董事长,2770
可控,6689
市值,11177
顶级,1001
授权,3493
芯片,10903
万元,41824
势头,2559
无需,1127
东兴,2377
医药,10306
合并,5176
产品线,10243
增幅,7563
老店,335
保证,6530
医疗,10406
推陈出新,640
管理层,7379
变为,648
资产,33423
重回,4671
品牌价值,1147
卫生巾,260
价值,34867
医药公司,263
所有制,414
吸收,1278
薪资,268
四大,4807
注入,4278
预案,5006
增厚,9881
激励,20385
市场化,4230
中医药,220
成功,15916
上下游,3909
快车道,1603
国家级,956
扁平化,761
难以,3604
百年,660
混改,1417
体制,1045
不断完善,2189
前景,6194
基层,1081
保密,200
领军者,915
员工,11331
及大,503
强势,6308
活力,3794
两票,298
配方,1201
层面,9241
最大化,712
控股公司,541
稀缺,3830
摘要,1551
灵活,3150
医药行业,759
重心,2022
激活,816
护城河,4102
强力,821
亮点,4624
事业部,2580
儿童,1037
深化,8229
打通,2925
健康,10304
超前,507
光明,478
两个,7597
中药,1159
再造,808
变革,5409
决策,1157
蓄势,642
直采,261
标准化,2319
摊薄,3740
引流,1634
经常性,8874
延伸,9210
省市,1682
婴幼儿,317
母婴,1040
体验,3604
跃升,548
进军,4077
营门,367
概况,896
会员,2498
多渠道,1624
辐射,1522
外围,1624
地区,15758
娱乐,1623
扩展,5388
华东,4588
门店,9573
直营店,1243
消费者,8127
升级,32100
专卖店,917
重庆,3762
独特,1837
驱动,28880
生命周期,2013
口碑,2156
逆势,5369
侵蚀,639
一站式,2971
上线,8533
专业化,1943
店家,3162
用户,8861
区域性,960
自有,8178
单店,1828
婴童,300
受限于,486
扎根,420
紧抓,1604
直营,5339
上海,12889
拓宽,5096
服务质量,607
损益,13437
版图,1584
广东,3356
闭环,1298
华东地区,1448
生产商,1444
用品,829
开门,703
毛利润,1450
异地,1374
大本营,757
婴室,290
西南,6165
半年报,11360
总数,3076
历史,20508
聚焦,17446
赛道,12049
视频,3551
此项,376
相比,16159
物联,702
塑造,950
条件,6810
大华,334
解锁,1525
底部,7158
增大,2287
更高,3498
旨在,1086
蓝海,1995
年度,15068
三次,474
支出,9079
低位,8089
转型,19038
人数,4303
迎接,1393
高水平,5754
激发,3534
提供商,2021
转向,5982
总营收,2934
空白,2108
小企业,508
分散,2515
寻求,1410
单品,4869
醋业,307
率先,6419
生产工艺,1410
知名,4844
饮料,747
路上,444
万家,1467
生存,200
万个,1606
明星,1660
卡位,2924
认可,7488
亿占,712
着力,2361
七个,225
一半,1126
全国性,1280
新建,8456
含有,206
领军,4052
换挡,253
下沉,6105
酿造,248
效用,253
综艺,692
这轮,239
探索,4143
冠名,226
占率,6764
并行,834
华北,2460
用途,744
亿人次,303
两位数,1714
挖掘,3427
传承,272
办事处,373
窗口,2035
消费量,1032
广告,3385
价格上涨,11138
营销中心,249
精简,706
恒顺,295
功能性,1839
践行,955
相结合,1180
培育,6550
后期,3702
缺乏,1385
食醋,374
初见成效,1528
指标,9384
价齐升,8068
主打产品,364
通讯,2786
电子产品,1354
通信,9743
苹果,2088
马达,596
功能,5773
声学,652
模块,4704
信心,11030
天线,1425
射频,2260
发力,19407
立讯,706
高管,3278
极强,998
无线,2101
单一,3274
囊括,267
技术骨干,564
连接器,1093
精密,4506
浪潮,3120
开花结果,321
远期,3004
发布,78322
优良,1122
充电,2375
依托,10066
线性,521
横向,3086
响应,2399
涵盖,5151
为辅,883
技术升级,1569
冲击,14512
周期,29805
地级市,688
彰显,10289
地产,14203
加大力度,605
稳增,1507
产值,1338
境外,4094
家居,4457
五大,3211
光源,446
积极性,4768
内销,2700
较晚,616
外销,2787
差异化,5656
网点,2985
措施,5975
红利,12657
照明,1208
上调,21493
梯队,3413
忠诚度,283
集成,4749
境内,2699
封装,3098
环节,7322
注重,3933
增长期,1833
滞后,2608
家装,1361
不振,713
穿越,777
起步,1578
强推,3227
市政,1236
电器,3278
华创,5809
中游,2273
比超,1097
精细化,4955
流通,1327
强劲,13518
半导体,11851
分为,2529
经销,3862
年产值,368
宏源,1084
统筹,1029
特色,3157
餐饮,4427
模块化,897
服装,1750
室内,313
双重,3991
工艺,9158
酒店,3541
业态,2668
类产品,4985
所属,1346
军改,220
同步,5186
统一,2093
防护,1385
服饰,1041
旅游,3377
智能化,9056
长春,976
司法,226
比达,3271
产品品质,1430
休闲,3602
已于,3778
试运行,688
生活,4165
土地,3313
价值量,3213
轻工,1306
国际贸易,1483
文化,3109
民用,2459
购物,1095
运动,1656
业务收入,15746
首发,756
工艺流程,280
职业,869
度假,289
自行,324
时尚,1235
商务,1274
申万,1974
回升,21119
加工,6117
高附加值,2743
公安,581
并举,1673
商贸,711
垂直,2674
自供,1119
建立,11800
现金流,26244
联合开发,328
指纹识别,292
补足,586
光学,2484
车身,755
迅猛,1857
显示屏,540
主流,7489
成型,1580
客户资源,3412
镜头,469
摄像头,1090
渗透,6169
一体化,14820
指纹,486
支持,14511
立足,3300
华为,5373
引领,5931
算法,1395
阵营,504
车载,3554
短板,1402
屏下,403
各大,1817
触控,590
演进,917
联盟,1481
众多,4000
期年,635
公司股票,1235
资产负债率,5452
建立健全,275
股本,10046
股元,911
基数,17358
业绩考核,2691
考核,4862
购买,5561
人才,4987
澳洲,859
此举,779
中层,1236
权利,399
经营性,15284
同比增加,18951
投建,1619
扣非,52386
提出,7928
股东大会,1310
有效期,421
万份,1296
股元股,1410
煤价,2523
对象,5368
仍处,1392
队伍,1836
期权,2386
偿还,1365
负债,11787
长远,3910
煤炭,5726
最长,200
债务,2337
产量,12737
股票,15122
期末,6983
杠杆,3818
审议,1622
留住,408
草案,2910
行权,1455
均值,4251
充分调动,1233
同行业,2803
以年,1787
管理人员,3389
分红,7278
账面,1846
日起,410
煤矿,1278
激励机制,2421
董事,2462
骨干,3288
低水平,2583
制约,2451
分配利润,425
优秀人才,564
吸引,2390
高级,2129
期本,1302
净现金,5480
定增,6537
共计,5375
基地,15872
生效,746
推断,497
溢价,7741
年轻化,1415
以销定产,265
管理效率,2164
万股,6720
欠佳,285
同店,1720
减持,2509
分化,4363
开店,3759
公司公告,16834
搭建,3369
期待,13256
宁波,2895
优于,9816
助推,4053
现价,3949
太平,306
间接,1974
增至,5226
童装,569
元股,12533
第一次,683
运行,7299
拓张,678
收归,3265
双十,1079
女装,424
男装,394
回购,5352
孵化,2140
零售额,1357
以元股,734
同期相比,1487
当天,263
余家,1420
试点,2996
收费,1122
成长性,11129
坐拥,406
公司员工,1150
共赢,529
多家,5855
给与,1362
金融机构,1170
宏观,8257
减缓,967
开启,11430
亿份,303
华金,1413
航天,1843
交通,3141
依赖,3103
达成,5931
万户,993
毛利,15573
良好基础,946
桥梁,391
银行,12267
掘金,320
增值,2373
东风,1883
不断扩大,2415
承担,2310
多元化,7045
增值税,1555
统计,5064
紧密,1978
地域,829
前列,4279
可期,8503
困难,1136
金服,297
金融,14076
百亿,2522
普惠,342
稳居,2740
政策性,582
去年同期,21190
批发,2229
结构调整,3871
付息,543
批准,2250
国务院,1781
信用风险,1189
同业,5584
息差,2861
居于,743
暴露,774
率高达,289
中收,768
逐季,4768
偏高,908
信贷,3021
股息,3891
投资者,11308
改革,13278
仅倍,581
总额,8210
存款,3617
获批,5972
恶化,7549
上行,21611
分布,2699
得益于,10025
商业银行,613
中间业务,497
国有,1412
近期,20335
交易额,880
偏弱,1860
高点,3005
基金,8224
总资产,2957
超万,615
按揭,662
率为,2379
利息收入,3896
基建,11724
大行,297
最具,1029
下半年,25581
贷款,5762
体现,14521
不良率,2558
拨备,3061
长三角,2509
比重,10286
股权结构,1045
税前,1104
深化改革,691
首家,1941
中位,228
天风,7821
中仅,224
重中之重,231
短期内,4041
较弱,2542
偏低,2370
利率,45289
带动,35048
国有资本,276
抬升,4325
基本面,11919
逻辑,15181
国际化,4418
股份制,374
贵金属,790
活期存款,498
信用卡,839
财富,6497
大幅度,4755
月末,3955
不良,2416
公开,7915
日月,1043
总产量,574
装机容量,1459
在建,9419
满销,707
局面,3252
成本低,888
最强,1200
注塑机,256
铸件,579
补充,6958
更好,4807
平滑,1138
元吨,5275
降至,1458
另有,557
乏力,824
满产,1859
两年,5549
高出,937
投入产出,299
单吨,2190
占优,1608
折旧,3666
挤压,1320
售价,4516
百分点,21022
第四,1441
二线,3718
橱柜,1109
家电,6806
趋于,3432
房地产,11012
按年,415
卖场,813
匹配,4365
一级,2699
保守,1913
广义,387
京东,2281
美大,278
低迷,5888
小店,464
厨电,948
开设,1224
三四,1587
老板,523
鼓励,1960
近个,1163
建材,4985
大部分,3982
截止,12183
房价,699
经济波动,2436
回调,4003
中端,826
法国,1134
境内外,745
锦江,691
环比,46181
降幅,7659
关闭,1680
疲弱,1210
晚间,1531
改造,7263
效益,3772
季节,468
开业,2365
抵消,1590
经济型,489
开家,318
季节性,2508
欧元,1025
签约,4613
受累,209
微降,2077
仍为,1226
净利,25361
在家,377
出租率,605
同增,9849
家中,313
对外,3628
早期,1854
智能机,274
精细,1549
微波,804
单机,1259
交付,11704
应用领域,4245
电感,364
陶瓷,1604
积极参与,1141
滤波器,913
元器件,2661
消费类,1438
顺络,321
认证,6032
致力于,3679
法雷奥,293
到来,3396
逐步推进,1128
导入,4906
技术水平,1680
博世,807
大厂,857
专注,5831
电动,4992
迈向,1386
潜质,328
职工,2127
华泰,7518
催生,1272
追赶,668
顺应,2577
孕育,496
应有,329
区间,16041
叉车,242
十年,2514
多角度,227
参股,4439
人口,1377
集成化,616
弯道,459
成本上升,3628
跃居,373
上涨,31141
稳中有升,3008
工业协会,270
标杆,3261
西方,249
多维,849
仓储,2249
国民经济,307
代表,8061
车辆,1848
美洲,461
系统集成,1464
排放,1976
持续性,4272
最全,460
劳动力,467
消失,575
低成本,3721
中低端,1636
广泛应用,2707
诸多,2019
机器,931
工程机械,2064
本土,2561
市场前景,1304
先进,7106
挖掘机,886
通道,4979
大湾,1020
行政,505
关系,8374
股份公司,4040
经验丰富,1054
大势,1892
净额,15842
住宅,1658
完工,1902
固定资产,4679
一带,1224
第二季度,1940
发行股票,2503
公寓,435
长租,206
好转,8464
所致,22157
是因为,3190
力量,2258
筹资,1020
越南,2217
华润,1096
回款,8017
京津冀,1007
维护,2311
承接,4353
思路,3486
中海,358
项目管理,521
投资性,528
深圳,3590
装修,1447
施工,3842
倾斜,1969
香港,1956
收端,383
合作伙伴,2786
粤港澳,802
风口,685
精装修,675
一路,1557
成立,12932
实力雄厚,908
万达,513
凯莱,646
分子,2988
专利技术,416
体量,4189
制度,2564
大分子,608
全方位,2800
连续性,433
多项,5287
重大进展,257
减少,33407
跨国,473
中枢,7358
一致性,1640
抗肿瘤,475
检测,5993
多为,680
服务公司,1169
领先水平,2286
制备,1127
审批,2766
基础设施,4425
发展前景,4119
评价,2381
在内,3514
关键技术,1352
抗病毒,237
思路清晰,271
版块,771
制药,1696
样本,788
尽享,392
增长势头,2086
级别,2268
用药,1254
注射剂,754
缓和,3383
超出,6640
扣除,4951
省份,2341
第一代,451
销售收入,9308
亿在,217
拉动,11502
减小,1378
水针,289
压缩,2074
在短期内,286
有限,9573
加成,347
频出,498
下调,18788
处方药,425
亿美元,6544
自研,2756
注射,631
专科,308
略高于,1575
试剂,1765
原料药,2444
两大类,239
诊断,2369
名单,842
梳理,4469
失败,2053
口服,577
代理,3780
稳固,8768
比为,993
比年,990
投放量,381
波折,298
长期存在,208
生肖,210
发货量,641
两款,1109
商超,1863
回归,6396
略超,4174
看待,603
做好,2186
多样化,1596
非标,1321
确保,3319
改变,4301
供应量,566
终将,250
估计,4737
较少,500
对冲,4416
精品,2197
价差,2713
调整期,960
飞天,435
各省,517
平衡,4683
重申,1751
顺利完成,1763
供不应求,3002
品质,3881
机场,2520
报表,4197
指引,3447
推算,1502
茅台,2657
食品,8268
发货,2987
事故,1044
调增,295
投向,1704
贵州,3469
适度,2849
核算,1185
四季度,13719
茅台酒,778
偏紧,2158
初步,4808
供应,14431
年度计划,206
总收入,8266
安排,1460
春节,5699
元旦,241
旺季,6883
基酒,516
附加值,1869
一季度,23862
焦点,676
过大,502
氯化,496
利尔,300
除草剂,561
初始,505
年产,8831
科研,1816
工程化,241
转股,912
未达,633
跌幅,2680
现有,11404
优质产品,488
原药,676
募投,6007
工业化,832
光大,6191
绝对优势,392
转基因,409
产销量,4519
汇率,11255
最先,225
人为,748
作物,439
选择性,230
草铵,297
广安,218
稀释,696
一线,4173
董事会,2321
苏宁,766
排除,1916
在线,3249
扩股,541
资金投入,507
金融服务,1006
投资收益,12361
战略目标,1039
阿里巴巴,682
两条,1633
减轻,1780
资产负债,1291
阿里,1921
纳入,4539
至元,10378
易购,381
出表,648
金控,240
掌控,984
权益法,344
之日起,786
资本运作,757
居民消费,848
阻力,547
出售,3159
期限,1962
引入,7696
交叉,422
战投,806
消费市场,1128
牌照,1587
人力,2365
代工厂,629
户外,489
纺织,1719
箱包,235
地理位置,331
原值,1975
消费品,2946
精益,1232
印尼,1318
互联网,10838
东南亚地区,280
税收政策,248
世界,4965
状况,3385
提高效率,215
名义,837
网易,269
铺垫,293
介绍,465
自然资源,287
国际品牌,503
上量,1981
老客户,608
新型,8393
程度较高,324
出行,2227
北美,3025
拿到,660
东南亚,2125
万美元,1291
高性价比,2192
亚太地区,316
健盛,203
切入,6000
利于,2271
海洋,1025
机构,8316
相当于,1739
工厂,9778
驱动力,4470
附属,353
开发新,944
政治,2183
纵向,2246
受让,1436
关税,1987
可持续性,1121
普通股,686
折合,2106
本部,1591
月份,13955
增发,2787
山东,4446
干预,200
定向,1604
独立,3699
略有,12023
约束,1593
联合,6027
公布,16946
制定,3016
生产成本,2912
挂钩,502
比率,1325
管理系统,1754
银轮,313
里程,895
追求,985
空调,2002
热泵,402
期为,486
第一期,1290
车企,3004
后处理,399
能量,1272
电动车,2749
江铃,253
节能,2859
年元,2753
定点,2444
一种,991
经济性,758
重视,5885
延长,2100
续航,752
尾气,583
工程建设,906
权威,278
总量,3980
建筑,6582
旗下,8739
近两年,2382
现金流量,6626
排行榜,354
结构合理,207
工程项目,1418
第三,4360
同期,22690
累积,1256
至年,319
写字楼,297
力推,211
高品质,1755
周期性,2506
于高端,436
成效,5799
豪华,471
公共建筑,227
中报,10802
衔接,448
装饰,1295
高档,1394
活动,17671
完美,1514
业主,394
充裕,5858
会计准则,2468
财务数据,1160
未经,463
长沙,1129
审计,1341
地下,448
变更,3647
改为,532
追溯,695
担任,672
预告,22367
新店,920
会计,1451
入股,1909
财政部,729
修正,1301
金融资产,2815
方法,1676
可供,227
亿股,3198
两家,1724
购物中心,929
调升,217
提交,1146
发生变化,1128
颁布,363
总裁,595
发酵,2075
类药物,260
平均值,816
皮肤,572
切换,4557
呼吸,397
带量,1093
相匹配,557
吸入,261
叠加,28696
意大利,731
组成部分,774
效应,18735
为数不多,763
整治,631
自营,3856
门槛,1969
微生物,549
植物,751
医院,5009
千克,441
麻醉,407
矿业,2473
质押,1512
提取,710
财通,949
补强,361
美元,5782
次数,460
亚洲,1420
原料,9873
精矿,1004
回落,13071
金属,3829
综合利用,900
财信,844
自给率,1139
白银,293
自给,586
赤峰,219
概率,8080
矿产,1123
更上一层楼,226
入场,1258
西藏,609
预见,229
展开,4271
回收,3153
尾声,1631
金银,230
主打,1552
冶炼,1151
达产,6513
渐次,204
储量,1409
深加工,1396
官网,1478
走弱,2644
矿山,2010
制品,2517
加息,1881
一揽子,388
湖南省,332
陷入,579
优嘉,278
受限,3045
超额,3370
园区,2066
重要一环,217
麦草,244
扬农,458
杀虫剂,445
一家,3073
熟悉,214
化工,8933
新产线,683
完备,1132
平缓,438
共享,2590
杀菌剂,361
话语权,1220
种植,1240
打破,3026
菊酯,290
高标准,468
包含,4478
农药,1223
化工原料,251
最为,1982
合成,1657
暴涨,317
精耕细作,520
中间体,2284
出发,1510
产品价格,9789
保持稳定,8938
铸就,878
处理量,252
矿区,555
矿石,687
较长,1587
采选,522
品位,798
剩余,2884
兴业,5430
第一位,479
保有,708
二期工程,461
年限,628
铅锌,305
油价,4186
媒体报道,214
金融工具,522
发生,7020
交易日,1617
化工品,1308
结算,4680
收益率,9201
原为,1138
一次性,3140
受到冲击,572
公允,5284
公司总部,273
评估,2201
主持,260
炼厂,233
勘探,966
原油,1834
超跌,913
职能,455
年报,29485
尚待,405
石化,4789
损失,11667
炼化,1511
暴跌,359
价格体系,677
披露,17536
亿原,399
仍具,671
副总经理,507
暂未,584
成品油,495
亏损,11645
尚未,5767
运力,1478
流动资金,3217
货源,375
贬值,2035
并表,6384
敏感性,592
超级,1466
机队,403
低谷,1113
委托,1365
形势,3948
基准日,381
议价,3112
韧性,4788
国航,365
净资产,5274
混合,1981
美元汇率,767
差额,359
民航,850
中航,3407
略低于,4389
货代,247
民航局,252
货邮,251
交割,1274
淡季,3487
国货,615
社会,3532
作价,590
升值,2360
价格水平,215
向上,11143
亿及,206
东航,237
度过,643
燃油,1642
货运,1006
动作,1076
亦可,315
日前,842
平淡,628
参照,1692
纲要,590
剥离,3404
利息支出,2153
航空业,220
世界级,558
客运,594
时刻,1442
小镇,305
所得,361
国资委,1427
受让方,228
总计,2132
合伙,755
买卖,1167
到位,2443
当期,3637
设立,7473
铺开,457
主导,3735
指数,8300
原元,775
管理中心,207
集团股份,362
致使,2368
资源整合,1577
云南省,450
医学,1639
计入,3399
公积,327
第三方,3320
云南,2058
外部,6022
海外投资,234
检验,1350
频频,268
改制,420
新进展,225
约定,1162
港币,872
研报,145445
规范,1706
并未,3517
器械,1285
医疗器械,2544
黑龙江,446
日常,1206
银川,207
战略性,1811
建设期,1940
配送,1303
团购,1972
随之,1247
耗材,1911
内蒙古,1159
痛点,1275
集约化,475
网站,628
诉求,990
物流配送,363
医用,886
宁夏,1000
入口,1229
多方,725
多位,290
流程,3533
半年,1665
找到,223
拿单,355
入选,1038
广西,1895
节约,1243
跨省,335
拿下,396
院内,354
安信,5189
结果显示,360
黄金,3907
陕西,1607
现阶段,1675
节省,912
人民,412
课堂,243
拟将,999
中公,504
手续,611
薪酬,4975
学校,1063
简称,1114
岗位,493
跟踪,4527
实业,1050
培训,1907
发行价,372
高级别,372
考研,214
人次,996
潜在,6550
非归母,3651
招聘,794
科技股份,402
总成本,515
单价,6478
过户,534
各类,4828
参与,6986
考试,497
学科,316
服务提供商,654
对此,1356
净利润率,3831
覆盖率,4295
轮换,243
开放,2745
就业,1649
自治区,471
配备,625
置换,1290
意愿,2942
登记,1044
之二,302
置入,257
参加,907
工商,556
公务员,275
对价,1194
在线教育,525
转为,1676
教师,429
不到,1709
高且,1322
分支机构,426
完毕,2687
招录,321
万人次,1398
职教,207
建筑业,397
外协,482
主体,4011
加工能力,357
良信,218
能源行业,1002
控制能力,1662
选址,461
开发区,503
新台阶,1196
竞争对手,3733
前提,2749
占地面积,275
距离,1177
优越,439
工艺水平,219
链条,1616
广场,369
游客,696
吞吐量,729
人工,2029
用地,684
相近,497
枢纽,789
商品,9660
中免,1401
统计局,395
限额,387
国旅,425
使用权,552
三亚,674
提货,423
飞机,1844
战略地位,443
客流,2245
海关总署,280
旅客,1070
商城,633
大面积,401
海南,1987
公里,1619
海口,509
免税,1865
商业,4956
运输,5029
免税店,616
离岛,682
海南省,296
大会,1050
资格,1103
举措,2721
深层次,217
白酒,4613
稀缺性,2068
护航,631
含税,6455
违规,271
看法,237
思考,292
出厂价,1175
高企,1737
商标,304
领导,1120
打款,1253
背后,1615
调控,4057
征程,1015
罕见,299
管控,12422
筹码,339
价格调整,485
关联,2426
定力,466
批价,1463
正面,1231
情绪,5711
破局,567
这是,1324
亿年,2015
年份,1074
配额,864
吸纳,295
道路,1494
税率,1672
留存,554
生产量,413
预收款,3496
价量,276
涨价,10311
相关度,222
征收,441
年营,2463
草根,979
翻倍,5329
更换,1158
一批,1707
足以,436
利差,1099
或超,1003
囤货,358
年初,16321
价高,310
消费税,299
磨合,354
电视剧,635
产出,2218
主攻,445
生态圈,1355
内涵,414
制作,1506
游戏,3013
银幕,231
出品,285
广告业务,679
传媒,2992
健全,794
放大,2313
元元元,1330
衍生品,1134
优秀,7711
显现,11521
生态建设,465
人流,200
努力,1748
票价,438
电影票房,275
启航,577
元元,953
前值,6284
收获,1652
首批,1964
借鉴,496
规格,1377
基石,1438
批文,596
更快,510
中均,359
联动,2377
滞涨,773
天花板,2592
告一段落,297
越发,398
前置,937
阶段性,6868
重拾,419
争夺,286
成交价,530
旺盛,10390
名酒,529
值得,10409
军贸,224
签订合同,396
上将,567
内蒙,1140
研制,2924
年产量,1084
全年收入,2901
民品,1566
巴基斯坦,270
泰国,1236
型号,2182
存货,11555
青睐,1157
吨级,300
印证,1847
列装,923
作战,414
外贸,1030
主战,261
小批量,1624
忽视,489
适合,1144
军品,2666
整车,2570
反弹,9664
新闻,717
铁路,2442
需求量,2959
重型,444
总需求,528
低点,1981
高达,2156
升级换代,970
增添,542
机械化,345
已达,1952
总装,341
南方,1410
万辆,4998
结论,1580
资料,1102
坦克,549
分享,1660
轻型,380
中型,510
部队,220
产销,5495
磷酸,2202
十三,1534
前驱,1067
该项,1015
双双,1067
北汽,655
前端,2118
高纯,817
锂辉石,274
上年,14375
协会,1202
蓄力,967
新篇章,558
价值链,652
输出,1851
汽车产量,364
选矿,397
大关,405
换代,905
江西,2086
达吨,308
回收率,219
碳酸锂,1123
化学品,1849
锂离子,1014
工信部,1370
三元,2003
珠海,1282
供给,15118
百万,1026
铁锂,1286
套件,201
足够,1134
蝉联,634
百度,580
领跑,2520
抢占市场,1752
密度,1389
科大,505
全栈,412
人工智能,2792
最快,2097
今日,698
于云,214
创新性,457
渤海,478
腾讯,2187
疑虑,268
宽松,7339
奥维云网,675
格力,610
出炉,413
压制,4550
担忧,4437
压货,235
候选人,330
单季,12493
整理,1687
明朗,1065
趋弱,760
换届,390
配置,14494
回到,2035
尚有,861
约个,1701
降息,2026
良性,2750
预收,3457
个股,7672
非理性,206
收缩,5032
格力电器,936
温和,1260
现金管理,309
还原,1367
得以,3053
隐含,765
会议,6495
过分,364
努力实现,284
理性,966
态度,2142
出厂,479
时期,3271
吨价,1269
一段时间,1655
无疑,339
比仅,752
放松,1964
追加,361
圆满,272
年内,8990
合资,6105
配售,548
量价,2009
封顶,283
至元原,1689
相继,3315
月初,3468
更长,563
之下,3912
认同,258
最优,875
协调,1004
大幅提高,1697
收官,1291
自我,478
一段,244
年均,4884
有个,794
快增,402
至约,417
不高,996
两项,1286
比约,2205
应付,1321
利息费用,1330
募资,3753
借款,2467
票据,3694
账期,738
账款,12878
付费,1629
财务费用,10632
诊疗,1440
精准,4695
国信,4854
评论,7845
中长线,238
发展趋势,6728
实验室,3206
快评,406
偿债,881
集采,3102
信用,8752
重大事件,475
分级,602
本年度,655
长期趋势,951
普及,2162
党政,363
资源优势,1612
充分发挥,2435
完整,5272
整机,2260
数控,883
加持,1606
中间件,335
处理器,615
集成电路,2576
列入,732
军用,2060
高新,1680
科工,419
军队,926
湖南,2113
计算机,3402
景嘉微,244
中信,2289
网络安全,1572
建投,1005
腾飞,1015
亿定,354
图形,256
操作系统,1198
国防,2940
理解,1421
纵横,266
国金,3945
冲抵,205
产线,6764
宁德,4060
国内汽车,767
空气,851
橡胶,630
汽车销量,3735
车型,5902
部件,1900
管路,220
降噪,293
单车,2826
低端,1389
减震,353
万件,799
中鼎,337
液冷,214
密封,368
电机,2367
亿亿亿,3273
总成,1256
冷却,312
主线,6269
技术实力,2255
趋缓,2085
悬挂,216
汽零,320
持续上升,1534
第位,634
车市,954
车用,1187
中国联通,670
电视,1359
更强,2517
爆款,2155
极高,880
受益者,630
十大,3546
广电,577
有所提高,702
实控,1251
无论是,1734
单项,317
大年,658
季报,38368
发起,679
流失,2143
上中下游,705
奖励,822
负责人,433
基建投资,3186
实质性,1526
完成率,437
超额利润,330
意味着,2950
实质,790
同意,990
聘任,318
慧博,8183
近况,1737
当年,2058
城轨,454
资讯,9860
总部,2093
经理人,447
日趋完善,316
财政,2716
隧道,242
国企改革,1573
三项,1827
加权,4822
投研,8642
中金公司,6525
成品,1489
慢于,2536
已现,1436
优先,3136
给出,701
紧张,5381
招商,8700
大商,443
额度,1410
减量,297
取消,1806
价均,316
底线,761
亿左右,1593
商家,387
打消,269
担心,1210
人事,345
若年,243
二是,4300
大众,4280
收回,1204
树立,1069
传递,504
新品,15039
三款,542
预估,1709
地方,4196
看点,2788
营收同,384
控制权,770
博弈,2245
很难,598
物品,201
最差,474
周边,1601
保健品,490
尚存,462
严控,1031
行列,261
营养,934
本土化,788
以内,1449
清算,410
化妆品,2037
山西,2680
奖金,629
简评,3666
益生菌,272
身份,469
成人,590
药店,1180
当季,504
几个,1628
涨幅,8272
跑马,367
加盟,3562
达家,947
向前,688
敏感度,406
月度,6153
加盟店,1502
客房,203
仅次于,1512
逆市,542
资讯月,301
解读,466
中将,447
重量,441
圈地,371
家家,956
厂家,1353
升至,2192
永辉,631
企稳,7490
以此,991
发达国家,1374
全省,555
比高,1867
超市,1894
弱化,1981
高年,1281
有待,1956
生鲜,1038
历经,778
山东省,658
势在必行,424
合伙人,864
对标,2846
拉开,821
超大,421
高线,231
为家,1071
高频,1964
万亿元,2790
通胀,4072
亟待,445
复苏,19505
直供,351
减税,994
年化,2958
专用设备,446
特有,206
信息安全,1220
税务,279
拟以,3118
获益,616
新任,580
反复强调,256
专项,3536
数据服务,462
化发展,696
用户数,1134
中信证券,9370
抵扣,248
爬升,514
门窗,255
虽受,378
多元,3840
周转,4585
认知,1696
厨柜,431
黑马,258
固化,287
拖累,12951
前行,1060
家具,1596
估测,208
尽显,434
带领,702
居多,388
店铺,1208
衣柜,1136
索菲亚,548
流量,6142
走向,2997
坪效,349
典型,1434
王者,539
商圈,463
全屋,727
电力,6678
亿千瓦时,1323
煤电,869
解禁,2431
审慎,5650
三峡,632
万千瓦,1209
温州,244
消纳,569
股利,1893
海上,1928
电价,2342
电量,1578
建成,7392
电厂,1149
风力,521
回报,2178
燃煤,541
服务供应商,213
福建省,386
火电,1336
能源,11281
权益,8885
总装机,200
联产,769
热电,716
省内,3069
江苏省,1081
技术支持,604
实践,586
高度,4556
合金,1186
无缝,400
中石化,456
管道,1005
电力设备,1078
许可,1393
自动,2754
供货商,203
中海油,601
油气,1502
机组,1774
口径,5803
天然气,2184
焊接,765
下发,549
不锈钢,476
好评,312
技术创新,2776
石油,2705
全套,450
业务量,2602
码头,610
三板,343
作出,597
公司债,864
自然,1408
污水,604
垃圾,1138
投入使用,1835
地处,539
农产品,1140
租金,2076
火炬,332
纪录,257
客运量,224
城区,276
挂牌,941
农村,698
垃圾处理,516
口岸,277
环卫,804
元年,4505
分钟,376
管网,539
总价,473
公用,528
收集,365
水务,832
小时,1761
较慢,1491
控股权,492
出资,2512
复星,459
最低水平,636
万平方米,3062
业务范围,917
集群,1276
中等,320
广发,5848
服务费,1210
战略意义,364
迈出,658
广东省,1033
大力支持,481
扩建,4416
中山,448
公用事业,1460
联合体,292
船舶,1256
券商,3819
北部,761
高峰期,1298
多名,275
终止,905
融入,681
面积,6493
偏慢,232
供水,423
租赁,3737
每日,1473
设施,2279
新高,9827
现代化,1180
年发电量,238
珠江,236
区位,1646
充沛,2910
联营,731
股占,302
议案,821
开通,792
港口,1277
平方公里,205
亿度,528
高技术,608
航线,1054
大且,402
污水处理,625
商户,372
明显增加,769
转正,4537
负债率,2971
斩获,955
专网,362
举办,1028
管理水平,1099
源于,4431
转好,812
应急,1138
中性,3015
扩容,4804
变速器,263
福特,1376
商用车,1696
技术壁垒,2415
新车,1797
一汽,891
主机厂,2027
锻造,410
南北,319
建厂,643
广汽等,210
吉利,2449
自制,1196
使用率,311
受挫,262
墨西哥,626
温度,382
优异,7454
液压,835
值为,680
模具,865
重汽,489
涌现,390
德国,2959
序列,635
新款,666
每月,1086
拉低,1291
马自达,450
林肯,352
理想,1404
泊车,352
前个,209
更新换代,962
全系列,985
在售,218
继年,502
长安,1573
长安汽车,973
月销量,1736
不佳,1341
乘用车,5115
联会,409
年销量,1509
为辆,387
河北,1563
轿车,556
状态,8106
外观,583
汽车行业,3573
搭载,1886
第三代,1607
民营企业,872
管理制度,205
合力,936
变速箱,350
见效,666
区别,448
障碍,283
三类,753
产业布局,2197
科目,872
并入,600
绩效,621
占有率,1011
固定,1474
经营范围,290
无人驾驶,314
北方,2097
很快,628
加税,209
过渡期,602
修改,432
越来越,2206
协作,793
提成,286
低估,2844
清单,731
调动,1102
加征,776
特性,1455
抓住,3062
西部,2620
创造性,258
购销,237
负增长,1998
台阶,1525
现已,1756
小于,2270
作业,831
系列产品,4321
安全事故,1049
工艺技术,932
充分利用,1354
宽幅,561
导向,2503
螺纹钢,364
检查,794
机械设备,1128
造船,203
做强,597
频繁,715
弥补,2045
现状,642
元慧博,480
钢厂,246
齿轮,299
主导产品,676
棒材,237
特钢,1186
线材,312
交通运输,1115
热轧,200
钢材,1383
不错,1510
华南地区,907
钢铁,3715
调节,2633
微卡,231
双升,1226
轻卡,225
交易所,791
出让,289
产权,253
重卡,1050
来源于,2281
主因,6229
年间,765
过高,505
福田,218
定价,5336
同质化,407
品牌形象,1770
病历,305
工作站,258
维保,265
数据中心,3316
三甲,376
契合,1378
数据处理,278
双向,845
医疗机构,1345
培养,1408
比均,703
信息系统,962
少有,800
发展期,2147
规划设计,249
公立医院,271
互通,211
结构化,401
护理,1163
不乏,275
三级,1192
数字化,9199
立足于,526
实时,808
咨询,2512
六年,334
逾期,1632
剪刀差,505
数达,302
实际上,914
秉承,467
先行者,651
独角兽,200
明显改善,4140
理念,2083
开放平台,490
银行卡,421
非息,1352
理财,2631
充足率,1113
脱颖而出,622
千亿,2110
思维,1056
私人,248
之初,416
缴费,236
包袱,599
对公,1591
自上而下,1953
资管,2677
洗牌,952
招行,262
手续费,2671
好于,4622
居前,1425
美的,1976
贴现,503
投资额,1344
自由,853
倾向,1271
监事,443
前述,402
新年,279
表决权,316
首日,413
实行,2043
折价,1173
近些年,204
最低点,278
情景,417
长江,2498
下移,893
提名,318
过往,1318
选举,262
流动,1521
真实,929
委员会,1366
可达,868
为例,1254
当选,266
明确提出,668
迁移,659
发文,313
一波,522
新旧,837
收紧,6194
基准,1322
投料,468
有色,3068
一期,9054
发改委,1888
焕发,423
计提,11255
集团公司,1537
居民,2659
跟进,792
搬迁,1330
加工费,665
新生,316
产业基地,893
国六,1283
批量,5187
回顾,3665
功率,3042
兑现,7412
蓝天,258
过渡,899
替换,1278
先机,1233
这部分,782
三费,1677
月均,1295
不断创新,527
柴油车,290
高端化,3678
倒挂,360
证监会,2289
环境监测,230
大气,233
充满信心,290
第三个,303
筹划,850
交互,937
交易方式,685
核准,1765
中联,322
监测,1950
长期投资,1293
控股集团,288
股数,302
中联重科,569
第二期,998
交易价格,592
充实,334
票面,403
内地,469
扩宽,271
餐厨,457
月底,7845
拟建,649
包销,207
存续,236
研究院,2116
网上,488
收取,568
紫金,1113
城镇,449
公司债券,1139
有助,978
入库,229
伟明,270
大盘,2982
万年,604
保荐,239
长期借款,553
日期,303
债券,4091
认购,2375
四年,867
异常,647
市场走势,674
分配,1410
推测,2184
风格,5214
调减,281
供电,481
一是,4637
高价位,304
形象,1164
描述,2073
酱香,309
受制于,1533
坚实基础,2081
等于,252
供需矛盾,377
抢眼,408
安全事件,665
平抑,553
方正,2367
乐观,4891
便利,600
网络覆盖,453
升温,1971
独家,2072
六大,1008
钢管,222
压延,234
重点项目,1010
新加坡,873
创新能力,1575
河南,2252
杭州,2782
非洲,2358
稳妥,219
国改,321
南非,310
为净,1248
动销,2882
提前完成,279
利润率,9413
摊销,5448
相比之下,234
今年以来,3250
化药,481
无形资产,970
竞品,1297
备战,512
受阻,2519
中秋,916
非后,2541
仍能,981
筛选,1766
资本金,637
再融资,1136
再下,523
严苛,268
中铁,486
处理厂,249
单量,270
意见,1572
西北,1391
转化,4283
出具,343
一城,675
保驾护航,852
特定,1886
确立,2869
气源,265
江西省,268
纪要,241
债权,784
达年,810
片区,396
至元吨,1040
预留,1156
银行借款,637
归还,261
提标,307
明显降低,365
可靠性,1153
银行贷款,927
公司财务,891
万方,1637
南昌,445
持续保持,2889
计量,837
远程,1271
着重,696
每吨,207
课题,329
修订稿,274
燃气,1113
科学,897
之路,441
校准,283
关停,890
分立,541
开创,388
四级,219
咨询服务,337
量化,678
乡镇,452
配合,2764
远超,2335
主导地位,601
传感器,1987
总金额,2171
建模,245
恶劣,245
天气,1501
直播,3289
事宜,685
主播,305
坚定,4698
磋商,571
分成,942
注册资本,1015
放眼,246
演艺,576
第一步,438
佛山,974
宋城,421
商誉,4345
高速成长,2209
让利,1108
转入,691
扭亏为盈,3281
千古,223
分流,1165
化解,627
商业地产,419
导流,652
比较稳定,204
经济效益,678
并于,1368
焚烧,373
宝钢,227
建设项目,4206
稳步增长,7629
万左右,592
造纸,713
海绵,507
负责,1841
始终,2364
上汽,2261
强制,582
多点,3114
合同额,893
房产,589
工业园,685
还会,667
财务状况,802
背书,728
打下,1917
坏账,2633
状况良好,729
钢铁行业,749
享有,1495
承包,1174
石油化工,751
清洗,672
纸浆,501
厦门,1124
冶金,794
捆绑,235
等待,2292
假定,208
股东权益,756
获授,219
尚需,761
股年,792
高层,592
覆盖范围,805
年股,337
绩效考核,536
积极关注,765
着眼,537
门诊,541
端及,230
四川,3139
各个环节,289
四川省,483
全民,289
扎实,2079
出色,1412
承建,415
省级,1291
致力,529
初期,2726
所处,724
连接,1727
民生,5734
社保,1103
成都,3175
卫生,629
抓手,1272
备案,1099
红外,617
光伏,11518
转机,250
光纤,1086
两座,219
过剩,1581
减值,13609
外销量,240
市场价,561
探明,349
加拿大,613
报废,314
开采,1869
短缺,2640
催化剂,3310
扭转,1250
不用,259
意外,270
禀赋,961
最佳,1472
金属锂,201
张家港,296
盐湖,631
衍生物,437
天齐,235
自动化,6446
锂业,1287
两期,1011
提锂,403
氢氧化锂,600
兼具,2227
余年,648
化合物,897
全球化,4135
三国,231
流水,1569
多款,4307
拆分,3365
利润分配,1539
手游,1214
转增,1798
发放,1124
天使,285
新游,735
畅销,1236
重磅,2985
移动游戏,291
信号,4053
经典,1475
工作室,324
公测,210
海内外,3104
以元,201
缩减,2391
至元股,528
卡牌,420
榜首,409
觉醒,324
少年,232
一度,1340
无限,256
公积金,789
新股,626
今年年底,535
流通股,243
账户,701
大宗,5970
注销,494
原创,453
权力,265
版号,676
第三期,478
土建,380
较前,851
款项,1536
利息,3532
补短,1071
轨道交通,1714
刺激,4926
上海市,580
明显好转,1039
密集,3246
建工,393
应收款,1842
试剂盒,587
变异,445
液体,770
乳腺癌,228
艾德,258
领头羊,329
人口老龄化,312
极具,1005
人类,213
靶向,392
先锋,566
二代,676
借力,878
年净,1374
首期,760
营收达,482
端的,5050
天天,646
关联方,684
马车,513
必需,497
旗舰店,1319
三驾,422
新开,1454
价款,483
合作项目,637
组建,1754
金融业务,884
流出,3973
起航,1262
快递,1190
天猫,2448
试车,590
限制性,4622
高风险,733
成交,2435
推迟,2246
事业,1033
德邦,531
五年,3630
极低,512
至个,620
增利,595
盈利性,769
货量,254
静候,242
货物,613
单票,507
价格竞争,976
顺丰,910
价格战,1843
比肩,384
可比性,223
经营规模,839
时效,510
快运,334
大件,208
想象,729
客户端,1081
铝合金,928
轻量化,1946
底盘,1011
麦格纳,253
前沿技术,599
车厂,617
接触,655
实验,884
悲观,3302
第一家,667
前瞻,2823
外资,4497
涡轮,268
比亚迪,3578
结构件,1383
刹车,342
紧跟,1172
拓普,486
制动,467
博格,229
场景,10043
天孚,301
器件,4105
组件,4300
起量,1050
日趋,774
产品升级,3338
共性,266
光通信,897
线缆,334
高精度,1139
产品认证,471
多样性,240
传输,1088
高密度,574
精神,583
有源,351
看年,2602
涤纶,804
长丝,820
投资规模,967
聚酯,1094
差别化,364
高科,1196
化纤,665
更名,507
芳烃,263
乙二醇,734
氧化,658
有色金属,1905
金矿,560
进出口,676
避险,838
演变,482
对照,200
含量,578
黄金价格,432
商品价格,1676
趋势性,1053
技术改造,836
金价,738
疲软,3649
触及,499
接力,1298
收现,1868
投运,1600
深挖,979
国投,463
整体而言,1128
已成,640
省外,3301
印发,1302
共个,356
全域,505
最初,287
革命,396
更是,1650
净水,231
缺少,346
案例,1075
雄安,307
难题,449
新区,753
里程碑,611
流转,499
类似,2536
淡化,803
物质,221
再生,1195
历程,568
资源化,564
冠军,858
夯实,7094
部署,2339
认定,1212
电站,2154
生产能力,3750
乙烯,1648
绝缘,298
增多,3088
总包,473
光缆,448
电缆,606
薄膜,1151
海底,504
预制,627
正确,315
海缆,374
增益,213
报告书,421
运营商,4725
限于,493
背板,596
基站,3139
附件,146979
反转,3293
美联储,4126
产后,636
跟随,1452
期内,20360
资源量,580
表态,844
停产,2125
办理,600
增储,353
验收,2298
采矿,542
冷轧,242
降本增效,4968
资产重组,1484
产学研,345
牌号,235
人才队伍,304
管理费用,9562
一流,2141
山西省,325
高强度,935
中试,1115
电磁,414
号召,221
自筹资金,676
程序,1387
法律法规,250
积极响应,469
施行,353
部委,440
寿命,554
未能,1699
一项,377
简化,338
第一条,339
预判,638
就近,315
依存度,266
县级,706
有息,1905
往年,1400
铺设,775
应付账款,1275
亿方,409
热力,263
增势,821
扮演,209
返还,461
角度看,2096
家用,886
俄罗斯,1091
总书记,203
抑制,2012
选取,825
公路,1304
气量,340
收尾,397
销售市场,334
急剧,359
低线,642
荆州,372
财务指标,1648
百川,996
为准,780
冬季,695
希望,1446
高峰,2787
用户数量,419
货币资金,2297
中线,342
接入,1290
珠三角,827
备货,4119
看重,290
控制力,396
接收站,294
劣势,224
有机,1468
平板,1292
展业,312
特许,672
若能,219
优点,605
实用新型,415
纳米,1056
更广,283
类型,2555
经营权,487
为个,1382
市政工程,354
煤化工,1240
涂层,230
美国公司,396
筹建,838
万立方米,301
取决于,954
污泥,365
分离,811
发明专利,1223
精度,539
追踪,333
安装,3219
动物,1499
识别,951
南美,475
保有量,1334
移为,229
个性化,1190
溯源,306
记录,622
终端设备,366
产品质量,3016
轨交,1344
电子信息,298
万万,850
技术含量,373
雷达,1058
恢复性,1322
恢复正常,2823
信维,339
轨道,1862
信息技术,1191
防务,556
签合同,1885
重启,1715
建设工程,341
电源,3364
中兴,785
施策,394
触底,3577
缩表,401
中后期,285
寻找,1919
货币,5204
收窄,7819
基调,2203
内生性,236
警惕,549
下半场,336
动向,298
货币政策,6497
松动,486
掣肘,434
达成协议,346
结束,5193
防御,1099
流动性,10644
托底,1174
重塑,1810
主题,4287
违约,637
真空,990
对股,1181
国债,1448
友好,555
探底,570
科创板,2341
通缩,403
衡量,259
和解,226
再起,303
美股,1897
下股,411
偏好,6830
工业品,815
中美关系,953
因城,282
见底,1021
筑底,852
极值,200
第二次,511
消散,513
调查,679
衰退,965
政策底,447
降准,2028
外部环境,2133
财政政策,1940
高度重视,1048
跨境,1400
三重,1171
社融,2094
酝酿,409
流入,4440
负面,1513
股市,4007
单独,730
上方,598
两市,1024
主席,476
报收,722
上证综指,2093
午后,588
成交量,1564
突破点,268
规则,597
所得税率,940
成指,1051
周五,362
五个,917
灵活性,536
数额,216
良性循环,455
横盘,388
研判,1374
收盘,1712
全额,787
高开,397
微观,595
当日,748
针对性,780
反复,13638
单日,519
盘面,292
资金面,2160
食品饮料,4564
抓紧,252
修订,665
定调,1714
优惠政策,800
公开市场,827
创业板,6029
观望,712
走强,1851
深证,1154
偏暖,205
基点,401
央行,4664
缩量,817
有所增加,2204
领涨,1396
操作,2881
农业,2931
收涨,553
集体,626
收复,618
后市,1808
盘中,340
前瞻性,2008
早盘,749
例会,247
共有,2543
信服,372
补偿,1150
行至,1014
单月,2453
共识,1257
科达,239
万科,1466
光迅,222
危机,735
时日,340
纺服,487
苏州,2761
测量,413
遭受,310
余额,5208
通策,282
跌破,713
洽谈,229
分歧,1529
爆发,9009
荣枯线,276
金融监管,652
预报,324
对外开放,548
太保,575
予以,1290
扰动,8170
阅读,424
跨界,599
手机,5685
作品,590
粉丝,518
合规,1018
官方,1646
媒体,2869
分发,431
微信,1158
向下,1911
公众,1317
成套,618
设置,1017
税后,1214
学生,695
统计数据,687
艺术,340
日本,4383
第四期,288
数控机床,302
五期,378
缴纳,525
义务,282
音乐,339
认可度,1859
教育领域,211
高中,440
机床,539
认缴,287
课程,446
婴儿,271
底蕴,506
很大,2177
教学,502
万头,1554
远大于,342
出栏,1678
倒逼,505
养殖,3192
顺畅,1244
扩张期,807
猪价,1816
疫病,816
正邦,201
去化,1475
要约,297
牧原,566
恐慌,700
温氏,544
本轮,4054
头均,429
成熟度,407
携手,2304
猪场,244
疫情,70830
生猪,2771
育肥,325
主销,309
公斤,1236
补价,486
客群,1139
组合,11537
日均,2401
纵观,273
存贷,299
贷款率,545
至倍,535
盈利模式,487
规模较,1175
原则,1735
首推,640
正文,1603
沉淀,1298
净收入,2601
详见,952
贡献度,513
以量,606
本篇,206
创收,783
负债表,1833
优选,2717
弱势,1463
引发,2545
银行业,587
详细,911
错位,825
溢出,272
封闭,410
报名,212
大区,752
物业,2266
呈上升,346
调配,417
购置税,230
场地,618
西南地区,785
各省市,253
称拟,308
第四季度,2901
成长型,321
年云,208
忽略,215
是从,451
分部,2552
综合化,285
理财产品,993
用友,566
综合型,284
客户群,774
至此,501
经济周期,923
之内,523
上云,417
超大型,299
差别,262
电控,1134
增长速度,811
营收及,1596
万套,1495
新能,333
加热,344
套期,411
外购,1320
之上,617
套保,252
暂时,1959
亿吨,1749
制裁,798
有限责任,741
财经,263
发出,765
联化,324
舒适,312
保值,570
原油价格,1681
不改,3694
受损,1388
厚积薄发,1026
扩散,3333
西门子,472
成功经验,381
钢价,611
东北,4205
大兴,325
前次,1861
迈进,1432
四成,265
航司,352
吸引力,2349
美元兑,371
航油,317
资源共享,347
攀升,3386
下挫,427
大涨,1140
齐飞,249
广州,2931
逐步形成,923
转暖,570
航空公司,361
观察,2686
干线,397
成员,673
占领,707
线束,224
决心,1753
电子化,464
抢先,347
二十年,379
超车,496
执行力,865
配件,1412
系统化,375
广汽,1365
捷豹,294
雷诺,367
积蓄,405
空中,224
会计年度,389
停工,930
济南,412
上海地区,376
六个,339
包头,749
饱满,3269
权重,1054
断崖,239
江浙沪,284
决议,413
城市群,701
地铁,635
食品行业,349
储存,367
冷链,912
面米,228
并重,784
太仓,235
分工,549
困扰,215
发达,1159
三全,263
品牌优势,2178
郑州,656
速冻,897
武汉,2422
云化,976
监管部门,226
加深,2222
强强,297
石基,234
联手,913
并表后,530
遥感,265
卫星,1900
万颗,261
高等,621
出众,396
民营,1816
限售期,382
黏性,772
其年,1173
准入,834
切割,882
沪工,219
拥抱,1778
顶尖,642
愈加,622
周期长,563
超额完成,1187
免费,936
核心部件,960
伙伴,717
扣除非,2976
已获,1164
代理人,910
自发,216
解除,1611
陆股通,258
担保,410
任职,456
临时,530
仪器仪表,248
强于,1217
年市,505
引擎,2330
更能,288
年均值,772
机动车,302
限价,365
频次,604
开拓市场,994
停止,819
水位,262
从单,783
三安,385
基本一致,1009
顶部,249
补助,4185
代谢,200
共建,1112
病理,212
质谱,206
建成投产,3231
摊薄后,288
缩短,1834
更趋,472
厂房,1841
向名,380
艰难,225
新政,692
便捷,569
增约,282
将成,245
之势,454
瓶颈,3861
消息,1547
节假日,226
缩小,1636
一大,607
群益,232
时空,220
整顿,361
零售价,245
由负,889
当月,962
中怡康,366
半年度,6242
安世,213
副总裁,381
闻泰,495
新获,248
双位数,3111
蓝筹,1066
海尔,1073
亿前,474
指出,1731
老牌,873
载板,337
长期保持,662
内资,771
参与者,802
辅以,313
样板,568
基板,736
方案设计,241
水准,530
新星,252
晶圆,1738
深南电,355
工控,1678
已至,910
双管齐下,534
竞争者,511
国家电网,654
耕耘,564
通车,435
盈亏,1025
交流,1655
南方电网,277
互联互通,503
借势,207
驾驶,3365
凯迪拉克,200
奥迪,684
常熟,818
内饰,663
支架,692
沃尔沃,665
种类,954
宝马,1583
台州,293
进化,438
零件,610
四化,234
华中,2456
额为,282
电建,334
展现,1895
股为,507
调低,619
双百,446
意在,294
增高,556
报道,1138
营造,238
附加,1342
上旬,540
惊喜,247
升高,852
行动计划,722
指南,478
巨额,211
跨行业,265
续约,357
入围,666
赋能,6771
加力,376
出版,525
新华,1050
等级,893
浙江省,784
八大,612
乡村,565
公共服务,377
振兴,615
停滞,738
跨越,911
指导,1382
城乡,435
典范,324
工程进度,514
甘肃,846
总投资额,616
工程设计,255
长期贷款,323
工程施工,532
高弹性,1602
工商银行,417
运作,2052
智造,325
数目,278
战略规划,1261
技术开发,1016
血液,504
中高层,470
学术,914
第三次,443
有效性,604
设定,838
更具,1558
公告日,352
开年,362
一套,501
营运,2879
智能家居,1587
三方,460
机房,428
国有资产,226
汇聚,373
入驻,963
赣州,241
平方米,1067
服务项目,808
产业园,2316
人民政府,601
电子商务,663
央企,1503
海量,620
中转,369
联运,265
代码,326
弱于,964
各家,344
重叠,236
只能,406
表内,248
股股,555
中以,253
年期,1393
生长,524
合约,787
春季,1468
价格指数,491
持仓,1004
棉花,228
供求,234
现货,972
直至,246
为元吨,3037
单边,548
过年,783
略增,550
用以,270
往后,867
今年春节,294
节前,851
居高不下,292
看单,436
一月,403
拆解,581
突显,524
保持良好,1902
今明两年,622
太平洋,3303
二月,502
递增,327
创单,341
减亏,1976
油品,259
地缘,2004
派息,1115
炼油,602
等价物,274
加工量,215
化工产品,646
汽油,248
率年,271
减产,1049
柴油,414
煤油,251
价元,687
亿净,203
销售价格,1339
增加额,250
防水涂料,317
雨虹,999
卷材,397
稳中,1713
不可或缺,267
涂料,993
安徽省,584
防水,1186
河北省,205
萎靡,211
防水材料,428
房企,1365
所有者,1099
彩超,323
优质服务,207
达标,781
女士,265
第一个,1195
超导,242
永磁,351
鱼跃,353
适时,954
卫健委,336
管制,518
互连,212
撬动,362
末期,254
改进,1484
青岛,2119
齐头并进,1702
降低生产,806
十足,1252
负荷,870
药制剂,311
稳健性,404
意向,825
条款,383
完全恢复,357
波动性,1074
相符,446
现实,650
流向,707
理顺,1094
现象,1776
贵州省,247
解释,373
总体而言,484
全面实施,258
此类,442
高为,205
试运营,326
自然灾害,793
升级版,261
奠基,319
原先,589
张家界,207
工期,330
约合,315
汇总,2127
打下基础,823
低价,1871
不明朗,319
所用,248
出租,308
销往,463
设有,447
迎合,626
潮流,694
会上,444
超个,519
至吨,369
圆满完成,204
期个,418
猪瘟,1582
感染,821
中旬,2315
即可,657
交易量,946
肉猪,206
突发,642
大力发展,1841
出清,672
下新,337
农牧,405
首位,1336
绵阳,270
生化,700
留下,218
草甘膦,428
等国,280
凤凰,317
建设周期,1282
国产品牌,641
声誉,227
地点,206
梯次,219
效率高,443
偏差,757
投后,215
海通,5308
家电行业,416
百货,1255
资本化,735
预算,1781
增效,1996
获利,859
中年,521
指定,540
双线,468
所持,249
继续加强,754
董秘,251
下探,568
白电,730
防御性,358
速递,329
圆通,375
装卸,224
晚于,247
上均,396
韵达,364
位置,3814
第二名,410
逐步完善,1166
铜矿,559
塞尔维亚,391
招股,447
意向书,200
增产,1244
产区,262
限产,1235
国泰君安,3493
焦煤,815
筹集资金,220
发电量,1834
退市,441
面料,448
独立性,229
端高,232
森马,299
少量,537
体育,660
强度,1828
不断深入,351
华新,241
中下游,751
年增长率,392
元扣,298
总共,256
总监,224
之中,841
为期,465
由元,762
机械行业,954
亚太,746
试制,341
低压,624
零配件,213
电气,1872
数家,477
业务人员,867
社区,2202
原则上,229
金红利,3431
铜业,275
汇兑,6856
关键在于,217
女性,618
年轻,1528
超媒,883
芒果,1085
门类,229
综艺节目,207
时长,285
阳光,956
类别,536
快乐,277
破壁,238
圈层,333
创始人,689
卓有成效,817
厨房,985
九阳,375
人气,379
立体化,314
不顺,288
西式,277
无虞,490
纷纷,1518
宽裕,354
前低,435
复产,4359
试产,787
新老,1081
硫酸,861
趋紧,1118
副产品,445
世纪,600
非银,1850
短线,450
补齐,922
两端,1066
创出,555
总统,378
概念,1374
收跌,382
回笼,654
新低,697
习近平,212
全天,220
特朗普,684
周年,741
权重股,342
尾盘,397
交投,816
领导人,241
贸易谈判,972
走稳,581
未有,415
逼近,634
逆势上涨,200
点位,733
沟通,986
沪市,355
入市,1122
提法,206
严峻,901
提效,2084
赋予,750
分类,1890
限售,1346
一月份,249
亿较,1780
需谨慎,900
一号,457
经贸,913
两国,233
仍会,1088
共振,3470
降费,1119
仍大,284
防范,625
科创,1187
金融市场,740
宏观政策,1455
热情,450
窗口期,1570
侧重,688
金股,8226
联讯,367
开门红,2000
难有,301
惯性,431
经济衰退,404
历次,420
赚钱,674
规律,615
市场趋势,276
代表性,518
回撤,384
转弱,464
美丽,228
调仓,779
声明,352
依赖于,678
做出,2202
短时间,629
迹象,2306
行业性,460
两点,607
活跃度,1375
仅供参考,834
中美,2745
华电,409
便宜,510
传导,3973
趋向,489
企稳后,201
性价比,5152
尚无,309
熊市,206
规避,785
建仓,308
一个月,1714
二氧化碳,419
永续,677
整合营销,415
重仓,343
气体,951
财政支出,256
物业管理,785
本周,1927
发布会,1019
中泰,641
建筑设计,203
大小,620
采掘,844
比值,362
小盘,833
办公室,292
周报,804
受年,561
受此,1194
冬奥会,483
深交所,602
中小板,1002
负担,506
共家,408
上周,714
仍有,243
一轮,2470
电网,2241
暂停,867
电气设备,1249
下年,511
对美,223
直流,798
跨年,713
刷新,477
关键时期,280
特高压,1112
下达,430
兼论,235
预定,493
万公里,354
期望,256
关注点,635
内外部,967
符合国家,323
配电,440
仍存,1409
性质,383
配网,273
售电,363
走低,1569
能效,701
华科技,301
走高,2274
配电网,245
电力公司,229
关键环节,246
公示,662
面对,3337
乘风破浪,368
核定,273
数据分析,789
体制改革,436
共同体,237
体内,581
仓库,484
住房,662
居家,882
较广,428
消费水平,202
家纺,244
店效,549
支配,279
城镇化,559
互动,1401
既有,856
近十年,522
蜕变,264
爆发性,297
加盟商,1227
之家,284
供热,410
淘汰,1724
供暖,242
电费,310
起家,1391
亿平方米,737
攻坚战,212
厂区,920
环境保护,295
率仅,307
生物质,324
丁二烯,208
丙烯,721
聚丙烯,761
工具,2790
重估,1430
页岩,403
明显提高,401
区块,785
增营收,206
地质,229
价为,699
非常规,316
高产,403
有条不紊,214
七成,315
不断加强,1451
转回,524
敞口,384
遍布,393
组网,431
北京市,419
三是,2198
最多,493
装配,768
协商,508
导航,898
调度,671
迈入,1395
汇川,594
技术人员,2017
系数,422
主观,225
奔驰,1014
三地,358
奇瑞,656
费率,5904
稳扎稳打,571
突围,687
维度,3333
领航,203
工程师,467
车灯,456
日系,809
丰田,1119
常州,1022
双击,807
定义,790
老酒,211
趋稳,956
烟酒,304
撼动,287
认知度,580
长时间,503
推力,487
法律,400
亿美金,702
卡莫,221
可研,210
自产,1179
铜精矿,206
客车,819
明后,533
看前,361
伺服,446
新一期,306
阿尔法,439
变频,536
成效显著,2465
快报,9140
无偿,262
不良贷款,1630
数年,602
亿户,392
私行,387
信托,697
偏离,504
恒瑞医药,805
欧盟,1173
影像,690
玩家,898
优势互补,871
景区,1176
双轮,5040
文旅,434
新签,1573
合作开发,880
综合体,459
重大项目,884
吉林,643
计价,387
采矿权,438
探矿权,284
重现,291
青海,709
油田,434
所在地,250
油服,529
局势,757
不含税,1088
杰瑞,369
后个,234
威胁,459
出口量,632
依次,941
冲回,513
组装,1056
为元原,872
放弃,399
宇通,472
发展潜力,2200
即期,309
发售,276
法人,205
国轩,442
机电,1953
国联,999
产品种类,1271
集成商,465
政务,1092
分公司,1007
多地,1208
长足发展,261
过快,1205
新西兰,441
肥料,432
削弱,696
澳大利亚,780
百强,670
子系统,304
薄弱,492
梦想,205
延期,1755
天下,405
高速率,411
中上游,343
迎新,210
氢氟酸,234
熊猫,263
太阳能,1401
扩能,525
镇江,307
超高,1523
双氧水,414
光刻胶,558
使命,289
佣金,1950
开发进度,339
下旬,2214
成本增加,1670
诞生,396
展现出,819
对内,474
二次元,403
依赖度,565
菲律宾,290
马来西亚,770
呈现出,1520
疫苗,5672
二倍体,350
预防,618
三联,361
智飞,494
肺炎,3888
年龄,241
万支,1187
五价,229
接种,2051
发病率,201
峰值,1477
人群,2184
狂苗,219
独家代理,240
组合拳,264
视野,354
财务总监,261
雏形,554
个贷,333
增年,1245
综述,239
放慢,285
压降,778
近家,676
宠物,755
威海,294
宠物食品,276
零食,930
合作方,465
层级,725
颇具,217
知名度,2217
创立,634
限度,206
风险投资,2223
百花齐放,308
主粮,243
不断丰富,2012
收敛,969
见成效,462
造价,547
征求意见,791
办法,724
航母,436
试行,221
细则,282
先行,1278
轻装上阵,1263
核销,709
生成,1627
较优,1193
四开,261
清理,906
首选,1052
精进,310
遍布全国,281
骨科,534
介入,896
紧缺,1756
前三季,455
提质,1955
定期存款,461
较末,418
中国台湾,332
泰格,475
关联度,237
质地,692
非经营性,297
机型,2025
频段,406
备受,277
余项,377
大批量,965
新机,606
屏蔽,315
毫米波,852
带宽,298
蓝牙,495
交货,797
新机遇,1124
必要性,386
合一,443
技术储备,1808
汽车品牌,321
功耗,376
旗舰,1005
革新,557
展店,834
天虹,201
因地制宜,299
打法,556
进取,212
意识,1117
相辅相成,201
首创,1510
便利店,636
扭亏,2365
固体,401
关键因素,335
胜出,268
正轨,780
包材,655
抗生素,324
最早,1528
省区,363
周边地区,301
失速,909
地块,599
建筑面积,1021
过热,393
可售,308
深圳市,587
售货,457
相互,886
务实,330
实施方案,455
蛇口,426
自贸区,363
东部,959
因年,410
沿江,201
用电量,502
高耗能,246
标煤,208
用电,1355
电脑,868
行业协会,395
终端产品,1411
分销商,252
反倾销,296
出身,232
自建,740
十余年,592
零售商,388
至家,690
约家,534
仅约,365
抵御,1494
大有可为,869
重复,389
集合,470
充分反映,355
仪表,565
宜宾,398
军工企业,328
机载,452
航空工业,687
座舱,1479
航电,263
证券化,760
国网,942
国电,596
双引擎,231
率高,355
线路,917
南瑞,317
招投标,800
进度缓慢,260
平衡点,231
划分,947
达个,401
暴增,206
回报率,827
购入,223
牵手,386
航班,506
一倍,572
春秋,382
降速,464
净增,2893
管理机制,482
生命,682
昆仑,208
血球,221
超声,450
监护仪,278
流水线,376
化学发光,717
多种产品,242
医学影像,328
迈瑞,1033
全自动,921
呼吸机,356
体外,1148
尝试,1201
医生,970
总院,231
分院,209
口腔,734
前身,590
两轮,587
席位,228
成本费用,2146
本金,324
专业性,234
持有人,203
拟非,771
变现,1860
重合,369
版权,917
拟定,1527
全文,623
不同于,514
为次,231
第期,291
范围广,255
甲醇,986
煤制,318
增亿,232
神华,872
布伦特,347
港股,2363
大增,5963
跌至,258
领先者,477
后台,524
及云,431
下一代,1341
管理模式,704
零售业,383
整套,219
日趋激烈,224
应用服务,333
人脸识别,205
自助,203
前台,200
公有,503
年销售额,689
内在,922
瑞利,223
入组,559
类似物,227
疗法,468
聚合,1103
屏幕,447
人才流失,918
亿台,424
荣耀,436
音频,457
重症,309
理由,1736
高值,373
证据,217
肝病,284
手术,1082
原文,146955
战机,316
科研院所,514
大脑,464
托管,1164
事实,330
压低,403
招商银行,1143
期末余额,292
静态,949
如年,237
表观,1305
利空,985
地理,435
当量,208
已过,1249
报告期,3225
重工,1544
贝塔,261
低等,306
三一,1097
要素,1553
核查,379
起重机,800
混凝土,1207
创下,1710
短暂,1045
滞后性,257
亿级,202
通畅,268
铺货,467
提到,1837
飙升,274
铜价,696
收购价,202
元较,484
客座率,625
标准差,215
产业资本,599
大单,882
三号,260
订货,591
无线通信,601
流片,384
卫星通信,222
论证,402
三代,880
北斗,555
基带,222
始终保持,646
财务结构,517
湿法,1235
刚果,357
罗素,338
进攻,467
此基础,1051
研究员,673
第二条,264
超配,306
至点,234
市场经济,268
强国,554
偏向,1007
杉杉,226
英国,1602
脱欧,200
三条,1619
较差,1363
挑战,2198
非银行,291
泰来,430
农林牧渔,1396
精选,2267
大方向,853
十二月,237
渐近,620
自下而上,1349
本期,7128
电力行业,361
所示,256
石英,438
适宜,205
刚刚,384
上期,891
主权,253
多增,380
中下旬,1000
黑天鹅,456
缺失,456
增减,216
存单,364
躁动,686
深市,318
常会,552
建筑材料,671
授信,353
微型,433
均线,404
仓位,1080
抛压,342
窄幅,537
低开,420
收支,222
冲高,677
外汇,725
涨跌互现,541
创投,453
第一名,544
收约,284
包装材料,265
总营,511
保费,1212
稳中有降,648
寿险,1019
承保,220
三位一体,344
绝对值,782
保障型,403
激进,554
责任,665
固收,424
准备金,485
健康险,514
财险,395
赔付率,215
产险,477
地面,774
预增,2551
预付,1662
消防,483
毒株,326
中牧,277
延后,2455
畜禽,475
约元,1604
狂犬,478
白羽,289
蛋白,908
市场潜力,952
养猪,416
口蹄疫,383
农业部,224
猪用,332
保护,2067
防疫,2491
梯度,208
禽苗,214
期后,258
病毒,1686
基因工程,295
持续时间,1641
证书,1003
养殖业,377
圆环,222
兽药,539
活疫苗,660
动保,520
禽用,271
流行,387
表现出色,645
造就,516
预示,1304
运价,762
工商业,637
湖北省,314
水电,1541
千瓦时,555
燃料,1605
荆门,414
华中地区,523
运费,2802
并网发电,248
电煤,315
压减,219
调入,602
中部,784
调峰,206
运输成本,903
直达,208
基材,311
有线,337
华鑫,876
梅州,235
频率,723
铜板,592
电解,300
工艺设备,452
铜箔,416
惠州,725
万张,219
手中,215
损耗,335
板材,820
可为,384
拉高,513
反哺,629
出厂价格,226
投标,407
公共安全,299
大城市,259
宽带,747
高质,376
充分体现,870
热点,3765
中化,340
联通,499
广深,214
激增,941
北上,1999
推升,1860
民企,747
酒企,357
县乡,230
省内外,479
优胜劣汰,254
价位,1099
试水,294
古井,555
打压,220
大省,244
控货,492
百亿元,404
东山,407
良好经营,270
顺价,278
演绎,1578
口子,314
本文,1435
效果显著,1883
业务流程,244
减免,1483
高功率,687
科研项目,224
利润总额,3312
数据业务,439
退税,538
后备,307
严格控制,269
开关,705
著作权,432
成套设备,302
荣获,527
散发,566
保供,1052
突发事件,270
运转,698
周转率,2214
开工率,1757
亿立方米,350
建面,1309
货币化,260
城市布局,307
达万,519
土地储备,965
第二位,304
疗效,447
大潮,363
额外,954
中位数,1495
营收端,959
瘦身,222
走阔,385
资负,318
抬头,319
抵补,645
存贷款,277
侧面,674
沉积,375
英寸,1494
建造,924
兼顾,1202
攻关,550
刻蚀,636
万片,1549
热处理,238
购置,807
单片,324
制程,1712
技术难度,317
增长幅度,670
晶圆厂,1052
高精密,276
卡脖子,598
立式,253
存储器,542
机遇期,551
对大,261
财年,363
逆转,448
及归母,368
能源价格,556
靴子,439
增收,573
概述,6014
立方米,226
商场,598
彩妆,536
礼盒,279
两地,392
放在,539
零星,264
大生,384
金刚,416
货品,263
税费,931
闭店,213
专柜,286
黄金珠宝,292
奢侈品,239
营业税,431
珠宝,652
富士康,250
成就,664
创达,501
客观,772
深受,280
封测,1276
中芯,660
前道,224
安全可靠,205
英特尔,254
必然趋势,334
存储芯片,570
攻克,376
均匀,257
关键设备,302
变迁,238
紧握,255
创新型,646
此轮,681
公共,922
模拟,1765
下一阶段,646
内控,238
控费,2296
主战场,218
散热,504
低温,1059
科技产业,538
演出,213
为基,321
一款,720
实景,205
超强,353
智能网,1397
充电器,223
母净,1435
从元,435
至扣,314
保时捷,237
高地,328
力强,344
包装,2576
调价,879
玻璃,3158
扣非净,838
板纸,392
债转股,871
探讨,354
全面完成,220
房建,595
一条,848
开辟,894
远景,410
迫切,625
广联达,557
喜人,376
转化率,944
地价,761
碧桂园,462
楼面,654
货值,770
面向未来,227
领跑者,563
加仓,423
元平,603
达较,542
地额,248
养老,626
榜单,551
所得税,1958
新城,746
阿根廷,330
发表,375
硅片,2413
切片,700
竞争能力,707
电池组,637
硅料,1430
中环,1010
价齐,1173
无锡,1355
单晶硅,987
双增长,620
新车型,1973
展示,876
高高,214
通用五菱,552
微增,1332
回收期,532
投资总额,533
股票交易,340
国产化率,1000
近三年,1844
销售业务,1250
矿产资源,426
车间,1551
前高后,367
内需,2387
整改,478
定价权,925
十月,665
大超,1421
巴斯夫,521
华域,561
靠拢,454
采埃孚,235
加总,256
多重,2981
电压,498
电流,362
据预测,315
中汽协,413
几家,223
能耗,1749
产品组合,1160
或迎,279
纯电,675
佳绩,314
人工成本,1901
热销,1030
再创,1099
后劲,460
有款,232
首要,471
地级,252
壮大,728
效能,1002
长尾,733
协助,819
做大,716
经费,247
维稳,786
板卡,290
刚需,745
禁止,270
本质,1058
亿为,1002
牵引,528
东南,471
电梯,670
贵阳,278
小鹏,772
一体机,664
承受,569
戴维斯,557
吸附,350
树脂,1334
下同,2649
先进性,251
据统计,481
共人,398
工业生产,680
元件,813
陶瓷材料,270
跌价,1741
三环,522
趋于平稳,344
多线,359
浆料,427
氮化,319
被动,1269
多万,332
中值,1280
较长时间,395
中档,577
缺货,992
上次,482
中高档,595
川财,811
四家,514
白马,789
产业结构,457
万平,1080
商品房,490
略显,312
少数几家,227
恒大,502
下修,638
等家,372
受托,544
触发,541
转债,640
军机,852
民机,469
提及,914
新线,224
运量,479
条线,883
中车,307
去年底,787
动车组,229
新开工,1693
港元,1135
太原,204
父母,220
边界,1572
全面铺开,244
快且,261
法规,506
坚挺,1003
高分子,769
储罐,252
及酯,204
丙烷,506
试生产,1999
源头,404
丙烯酸,434
乙烷,295
连云港,441
裂解,559
步骤,208
其三,427
红线,804
增归母,1180
取得成效,396
去年末,425
家族,440
第一阶段,1182
第二阶段,513
净值,1089
独创,224
今年年初,367
兴业银行,562
客户服务,812
银行业务,395
荷兰,378
晶圆级,264
值得注意,1166
元为,265
增个,218
不良资产,230
版本,1279
增较,286
零组件,589
贴合,331
精机,203
确实,514
变频器,264
坚定信心,315
为首,622
争端,818
端均,360
翻番,1453
数个,354
后装,211
液压件,317
高空作业,617
恒立,398
鼎力,276
油缸,285
不强,218
徐工,364
泵阀,306
中大,321
大国,776
逐月,834
未见,221
仍待,425
公交,306
透支,589
凭借着,368
逐步提高,707
拉美,296
智利,202
战略重点,237
规范化,595
贯彻,691
序幕,268
接棒,369
力求,352
一席之地,237
回稳,204
中有,758
药明,1068
恒生指数,292
康德,1173
苏泊尔,455
并存,443
总理,265
关口,246
服务业,1404
中方,306
浓厚,230
建设银行,212
录得,1745
讨论,716
站上,610
商务部,418
微升,471
美方,511
六个月,572
上扬,611
全线,1112
全球股市,442
会晤,206
拉升,1352
中国银行,252
种子,642
按计划,1264
调试,2083
现场,1493
守住,280
常规,3499
微调,845
资金额,201
太极,333
转负,621
冀东水泥,251
理论,764
价格优势,484
方大,272
宝钢股份,356
回馈,257
华菱,298
购率,318
广告投放,853
同步增长,415
画像,213
数万,402
开发者,297
省市区,206
路产,221
苏南,278
高速公路,690
车流量,295
宁沪高速,205
扬帆,757
物料,1040
激光器,644
数通,881
探测器,325
顺利实现,686
数通光,253
顺势,689
餐饮行业,228
猪肉,1394
肉类,338
流通渠道,360
冻品,319
火锅,557
元及,343
集团化,287
接受度,712
安井,488
鱼糜,260
菜肴,336
中国区,790
原年,941
返利,403
平稳过渡,203
新工艺,618
常年,583
电阻,287
波音,260
军用飞机,218
航天航空,275
空客,201
舰船,324
深海,333
钛合金,395
鉴定,246
高效率,623
送样,599
两块,278
高可靠性,372
试验,2105
间距,300
碳化硅,550
初具规模,517
动摇,285
单晶,1701
多晶硅,761
动荡,605
座谈会,248
隆基,1588
多晶,243
集中式,296
晶体,572
拉大,447
度电,303
实战,431
教研,214
切实,439
招生,330
登陆,723
人才培养,312
过会,219
挖潜,574
瓦楞纸,288
绍兴,514
徐州,281
嘉兴,599
中南,622
计容,463
瞄准,878
两周,477
改款,431
国五,203
英飞凌,280
贡献率,260
微幅,617
预售,972
造车,571
折旧费,590
势力,1000
积极开展,1132
电热,213
个个,339
煤炭资源,366
输送,632
密切相关,382
并网,892
铁路运输,203
长协,772
气化,301
项目前期,245
风能,520
力争,2395
余个,842
递减,363
进口量,355
更替,231
账上,392
证券公司,10327
投行,1905
经纪,2243
前十,384
华安,2671
北京地区,324
第名,673
饲料,1742
生产性,482
净化,444
屠宰,944
三价,260
猪苗,255
存栏,1356
母猪,1032
天康,261
二价,267
免疫,1783
化及,229
电动工具,653
当升,576
降本,1889
微电子,749
领衔,302
选用,217
大功率,940
中国证监会,545
长短期,250
上一年,298
敏感,992
能级,417
滚动,544
旧改,349
环球,390
外供,273
分拆,1948
积压,658
再创新高,1688
攻坚,459
价盘,402
超年,688
玻汾,371
山西汾酒,754
巴拿马,220
汾酒,482
青花,460
酒类,682
密集型,270
补流,222
打击,585
东诚,204
新设,337
科室,360
始于,290
药房,999
昆明,390
网络化,230
切入点,338
微软,419
关键性,263
占营收,2777
语音,577
政企,1199
分析仪,323
传染病,290
同类,1002
安图,208
注册证,635
质控,234
体积,529
搭配,486
农户,316
摆脱,997
闲置,469
淮安,583
补栏,349
瑕疵,206
亿至,490
河南省,249
仪器,972
发光,490
颁发,398
低速,387
首条,286
尤为,694
本田,614
自月,1390
三菱,383
折扣,1238
广丰,374
人力资源,554
精锻,259
锻件,377
不利因素,968
一汽大众,635
防控,4825
风险管理,415
出较,490
风控,871
双降,643
分层,369
上化,627
投顾,476
发展势头,1233
生息,1273
计息,796
贴近,679
盐城,509
苏中,202
洋河,741
发掘,406
今世,579
或成,273
亿支,267
亿只,802
下限,782
外资企业,212
隐形,479
固网,263
正处,339
减排,879
靓丽,2937
年代,419
小型化,515
占用,380
商机,217
双核,207
简单,874
视频会议,438
换机,908
视讯,307
联网络,373
中小型,594
积极因素,330
话机,237
高清,597
音视频,408
桌面,480
长鑫,340
概要,287
材料价格,402
上修,661
诺基亚,229
大容量,413
单个,814
亿纬锂,928
日产,702
制高点,246
同类产品,487
推向市场,520
性能指标,356
高歌猛进,329
定型,758
穿戴,1821
增长极,1564
亿部,332
低廉,224
出海,1709
肯定,331
线条,458
荣誉,208
高额,566
谋求,475
银河证券,430
爱立信,269
四期,1112
第二年,336
样品,493
重任,209
国家队,306
电子行业,1026
先前,392
知名企业,790
肉鸡,564
禽流感,425
亿羽,298
鸡肉,594
祖代,202
禽类,309
带息,381
晶盛,536
逆变器,1158
历年,902
已降,296
收效,220
蚂蚁,521
万较,225
校园,365
度高,1332
高校,678
虚拟,579
隔膜,1228
负极,899
高工,234
电解液,955
历史数据,386
率均,248
复盘,1007
率约,566
商品猪,378
第五,674
市场行情,933
禽肉,214
黄羽,211
聚力,237
肝素,262
形态,953
分摊,642
新厂区,235
营收超,329
开出,255
同降,2286
黄鸡,201
禁运,207
春风,282
肥猪,201
行期,693
成绩,1534
单元,1013
满意度,330
生物制药,337
红土,202
稳步发展,1542
纯化,290
转固,930
协定,231
满载,216
略低,644
新疆,1781
液化,280
矿井,627
可用,375
发力点,457
交建,249
路桥,261
干扰,960
沿线,323
遍及,238
政治局,1927
普跌,203
烧碱,339
老龄化,309
死亡,213
保险公司,216
步入正轨,299
储蓄,331
蔚来,1026
焊机,215
柔性,1865
氨纶,333
聚集,679
用工,480
多功能,663
号线,212
年轻人,312
摩飞,247
网红,403
新宝,377
便携,309
千万元,235
若干,409
改良,298
电子元件,238
消耗,1198
良品率,332
再现,274
财税,211
工序,715
扩增,646
立体,616
平面,287
净亏损,942
影视剧,516
全网,741
剧集,683
贸易商,219
市净率,651
新单,926
为先,253
内含,416
率较,877
续期,324
期及,252
考量,537
将来,269
个险,567
内衣,216
节日,232
专题报告,205
南极,261
创意,672
产销率,568
文创,357
高科技,668
策划,457
标配,538
已超,841
风光,968
再添,458
流域,303
渐入佳境,476
初现,830
水电站,332
雅砻江,202
来水,544
题材,886
一周,608
周一,249
军事,338
仪式,289
牛市,778
萎缩,1418
第三位,219
阵痛期,219
本月,1382
谱系,457
多达,219
技术指标,321
便携式,263
导弹,627
弹药,280
亮相,747
封锁,527
图像,662
探测,248
精确,314
细化,723
该类,427
顶层,475
批产,744
武器,443
末端,328
次年,304
高涨,986
自起,375
全程,406
过后,1187
品牌化,537
到达,469
禁令,243
塑料,1135
承载,768
原本,418
阵列,234
多层,511
预警,515
各个领域,229
热潮,332
金牌,243
防火墙,235
飞跃,340
互联网安全,284
卫士,206
私有,359
网安,564
劳务,2299
招商局,245
赶超,334
超低,304
误差,452
入主,655
活性,687
行业标准,640
付款,685
陈列,286
品牌战略,886
印制电路,222
拉长,1222
齐升,1291
出新,231
更佳,367
降到,223
重大突破,823
开展业务,462
国外市场,465
缩窄,885
单线,278
较往年,493
过多,236
被迫,243
表面,668
利润表,533
华能,580
分位,886
考验,825
世代,501
稼动率,324
买量,443
不易,563
实属,433
交出,283
放宽,611
无人,537
答卷,233
替代性,252
高价,1050
不淡,465
体系化,288
吻合,235
贯穿,864
相关性,848
财政赤字,232
钢材价格,522
国家统计局,807
意图,270
资源配置,606
教材,263
少儿,295
教辅,238
支柱,564
名列前茅,327
图书,448
纸价,606
著名,421
稳中求进,651
科技领域,539
诉讼,674
个省,354
高温,1374
使用寿命,236
强年,414
久立,227
瑞士,357
特材,289
钢铁企业,213
永兴,204
赢得,630
新材,1623
倍增,569
动力系统,309
蔓延,2485
波及,260
黄石,237
通讯设备,255
前五,435
两倍,408
卓越,1394
技术革新,300
深远,370
进阶,492
递延,827
评为,216
加紧,413
养护,204
服务型,251
转产,380
海信,372
定为,224
液晶,551
美金,294
徘徊,246
外观设计,218
气象,213
气温,228
货运量,292
产地,368
秋季,321
气候,383
检修,1123
原煤,656
运输量,238
天数,2763
满负荷,753
降温,448
物理,396
非常明显,318
护肤,1050
护肤品,925
珀莱雅,556
销售策略,536
同日,330
集中化,404
一线品牌,364
方形,380
缺陷,333
曲线,3918
增超,244
紧缩,784
鸡价,217
饲料原料,277
环增,618
裂变,454
光瓶,236
顺鑫,231
更优,969
玉米,791
耐心,577
利齐升,276
三者,344
相差,322
洼地,245
变量,1090
渐进,236
辅料,392
肉制品,860
双汇发展,336
鲜货,223
补偿款,303
同等,299
大修,226
置业,234
主题性,222
京沪,257
客流量,764
慢性,241
量子,336
知名品牌,788
国缘,282
蛋糕,310
打磨,640
长短,230
兼备,698
营养品,236
散装,220
着手,634
食用油,371
小包装,241
中粮,330
软硬件,1233
生态系统,334
未上市,274
创年,751
控制器,1244
华南,3198
养殖户,249
至单,390
南部,758
绝大多数,385
南网,290
上以,245
分行业,588
面膜,659
十一月,288
有机硅,509
宜昌,264
磷矿石,271
磷矿,418
增价,210
能繁,620
竣工,4641
地产商,594
背离,385
房屋,915
双高,222
酒业,617
动工,246
混动,721
月销,291
和物,321
停摆,244
未受,271
自主化,367
排名第,875
手握,317
挤占,221
反向,307
生产布局,205
超家,764
势能,1939
绝味,751
兆瓦,679
变得,429
纯正,292
折算,844
时滞,282
大型项目,306
铁建,215
映射,254
数倍,543
推盘,270
化率,405
下单,596
观测,383
上浮,399
留有,202
调出,246
仔猪,610
种猪,518
沙特,437
上移,1531
伊利,1076
商品销售,399
社零,682
轮动,1885
百万元,445
辉瑞,266
补库,605
流感,577
上涨幅度,628
两旺,263
端年,1099
年定,237
年单,1287
开源,3603
货车,401
反响,312
车展,405
构架,203
座椅,452
非核心,456
目录,1069
推广应用,353
目标值,337
跨越式,1138
数为,474
新亮点,248
维修,1231
十九,224
科学技术,234
下方,376
靠前,797
整固,594
休整,467
生物医药,824
突破口,473
快消,239
多维度,1302
传动,506
减速器,238
签单,304
减速,237
主流产品,403
央视,368
冲刺,339
精耕,927
成熟期,498
兼容,672
能源管理,238
可靠,1038
手表,773
软硬,389
卓创,573
骨料,582
约元吨,681
华新水泥,435
加密,599
两会,1994
直辖市,381
熟料,906
高通,665
打造出,374
视觉,1465
软件平台,274
持稳,229
历史性,460
采购额,239
蓝宝石,346
证实,303
准则,2433
百万吨,377
烯烃,730
错峰,460
交接,344
失效,204
国君,216
压舱,226
不超,374
能为,265
多样,518
过硬,418
电子计算机,365
印刷,779
合作意向,267
快充,568
中介,557
承销,1212
成交额,1518
创板,1320
松绑,294
增分,384
排产,881
增扣,623
防守,286
率达,662
临港,416
管理费,615
扬州,239
秉持,254
干法,342
亿平,964
铝塑,299
监督,320
宝武,368
青山,233
机柜,788
总面积,270
白皮书,284
集聚,396
稀缺资源,229
上架,625
第三阶段,341
宝信,396
无线耳机,322
不可避免,299
安卓,589
较佳,364
寒冬,254
调降,377
昆山,500
外币,301
速率,502
极限,295
最广,200
三点,525
市场监管,255
适配,1145
积分,362
油耗,310
填充,413
欧拉,586
哈弗,511
更为重要,354
同口径,1211
第二批,291
仍受,347
合营企业,537
手持,239
产品型号,276
季末,695
再超,509
股票价格,216
华阳,385
总费用,244
克而瑞,251
实物,416
沈阳,771
城际,240
列车,238
客源,238
盘活,459
石墨,842
涪陵,582
洗衣机,363
家用电器,953
鲲鹏,507
零售总额,332
成像,608
渐行,416
附上,1845
环氧丙烷,301
水性,240
香料,234
烟台,708
万华,1498
收购价格,316
备忘录,310
信通,306
笔记本电脑,530
采集,919
漳州,331
楼面地价,217
平均价,232
家数,282
广州市,206
回溯,224
进击,291
稳中有,555
性强,290
接口,662
双胶纸,270
取代,641
自用,535
外售,243
适应性,261
溶剂,495
第三年,214
收入水平,220
补充协议,224
比近,580
排头兵,219
财务报表,407
尚可,293
处罚,251
人寿,658
耳机,1179
专题,633
总和,347
组织变革,289
光环,395
嘉定,224
支撑力,268
改建,202
先于,208
报产,485
恶性,326
通路,249
双赢,283
场外,388
季度末,1506
新风,245
落成,295
南海,251
接待,571
长城汽车,1311
往前,296
一贯,280
面上,355
万润,321
盘整,376
领跌,460
深成指,471
回避,350
开盘,331
沸石,212
原定,246
至关重要,368
占有,590
聚氨酯,810
首套,276
多元醇,350
聚醚,514
停车,459
老挝,411
再生资源,241
冰箱,635
稳价,330
洗碗机,467
油烟机,296
嵌入式,612
中邮,234
大类,237
增加收入,294
福州,308
四条,450
为本,276
控人,332
单位成本,1103
持久,240
添加剂,1073
场所,300
玲珑,332
后归母,591
育种,396
超亿,965
离岸,304
共创,291
净流入,3877
延迟,2589
百分比,230
潜能,435
吨位,290
为天,786
电容器,755
方针,451
中原,788
水利,645
挖机,811
港澳台,375
未结,323
畅通,364
已售,301
保障性,395
不足以,216
私募,804
贸易量,226
金山,811
空前,286
点火,637
柬埔寨,347
变电站,214
历时,217
兵器,349
土储,1424
占营,387
高市,433
低压电器,340
增设,218
长久,423
鹏辉,207
幸福,433
佼佼者,235
日程,218
普利,284
霉素,268
新品种,694
源自,1096
秦皇岛,305
归来,364
能源安全,525
压缩机,379
新发,308
兼并,513
很小,325
硅光,313
远销,212
售后服务,667
进驻,610
金属材料,293
锐科,278
每周,278
更迭,413
国民,321
标签,322
招募,540
五金,510
翻新,204
卫浴,724
老化,241
第一款,242
埃及,268
酵母,513
奶制品,237
安琪,390
第四代,369
列为,376
风味,229
烘焙,626
中炬高新,463
炼焦煤,223
好且,336
建筑工程,473
加固,267
之年,337
对抗,420
指挥,330
下以,285
海军,262
直升机,457
电路板,233
打印,358
市场供应,266
参数,546
蒸汽,500
华峰,353
华夏,583
返售,361
多条,669
最高点,239
牵头,621
钢构,848
学院,269
钢结构,788
精工,614
辽宁,715
分包,230
装配式,1257
使用费,340
股基,819
收储,293
突破性,773
融资券,239
湖州,254
签订协议,271
都市,422
万吨级,296
东亚,314
全球性,308
趋于稳定,688
单耗,216
乳业,599
难点,258
产品类别,290
化工企业,317
副产,262
产品链,252
化工行业,950
同年,384
黑色,224
太阳,888
第二轮,554
克服,931
透明,369
筹备,820
新科,280
粒子,215
料号,232
乘风,368
瑞典,280
硅基,369
半导体器件,315
根基,526
博士,462
无源,267
至归母,263
成渝,243
飞行,310
关键部件,213
哈尔滨,216
新版,465
最小,366
两类,542
国家标准,387
首席,280
创作,336
缓冲,243
大资管,298
城商行,543
归因,215
门票,332
不俗,506
长假,337
内外销,632
递交,445
内镜,228
择机,564
受试者,263
全球排名,290
汇率变动,954
演化,278
中成药,507
血管,289
编制,426
涨势,326
债市,697
大水,282
行长,274
交运,1260
减负,232
漫灌,260
唯品,506
奶粉,673
淘宝,491
折叠,383
索道,211
接收,367
图新,252
地图,316
上证,1025
四维,346
车规级,903
年线,683
背光,364
显示器,378
驶入,325
像素,396
规级,481
植入,440
前装,752
最坏,287
装车,298
现金支付,318
三成,264
静丙,277
凝血因子,220
兰州,385
血制品,544
采浆量,359
重述,204
血浆,401
产品化,797
投影,258
削减,724
华北地区,604
年量,230
管理体系,1286
已然,500
放置,252
天马,304
外卖,417
老字号,367
广告费用,550
系列化,534
止跌回升,257
数据库,958
必选,527
日化,922
总产值,206
呵护,745
优先股,202
保持一致,409
可转,384
税金,1250
农化,517
碎片,378
第一季度,3578
电解铜,212
化肥,588
产品产量,675
化为,398
地板,241
不论是,240
展会,277
阻碍,338
选品,213
坚守,844
复合材料,1150
碳梁,265
光威,323
高强,473
碳纤维,826
复材,682
纠偏,356
去库,334
传感,558
波兰,319
投融资,528
硬板,203
软板,303
万联,934
光电子,254
大型化,692
服务水平,296
获客,1034
顺利进行,352
四五,266
酰胺,273
华通,215
夏季,278
联苯,204
产成品,527
上升幅度,274
白蛋白,432
氯碱,277
纯碱,686
精细化工,869
旅行,330
比音勒芬,365
受众,275
织物,315
四代,351
千吨,247
运输机,236
纤维,1090
壳体,303
批次,568
每期,216
火箭,231
完成度,271
折现,445
月活,360
利用自身,434
中概,310
互娱,1003
稳住,330
常务会议,242
池及,365
股在,576
推动力,642
恒升,1195
尼龙,796
己二酸,587
尿素,710
华鲁,1149
动漫,255
积极探索,1322
产品设计,839
沙发,503
密切合作,224
并进,640
中东,750
传播,1114
生物制品,487
整装,1351
量利,972
心理,296
水产,466
水痘,369
金赛,329
生长激素,527
百克,316
万瓶,320
纯度,221
周期短,242
收率,220
车险,587
长端,602
频发,483
麦芽,264
蔗糖,271
金禾,342
三氯,233
海外经营,297
雅克,235
户用,499
部长,238
三分之一,246
援引,338
全钢,262
中央空调,223
亿扣,1410
亿单,371
纸业,1004
扩至,270
包装纸,369
日日,275
铜版纸,282
废纸,244
电科,278
高新区,230
高分,345
投资人,530
东华,245
交期,287
百白破,205
鼻喷,251
万人份,222
处方,716
减毒,215
单产,244
流感疫苗,599
超人,496
人效,415
报批,267
带状疱疹,222
至受,318
结转,1425
降个,338
保利,1316
重返,214
深刻,475
到家,615
合理性,218
七大,373
柔性化,234
产品成本,725
管材,471
维生素,555
粉体,389
合金材料,292
改性,681
海洋工程,349
产品数量,336
圣邦,252
转型期,339
从前,217
蓝图,260
延展性,216
氟化,212
新宙邦,354
回传,256
接单,709
施工进度,229
马太效应,453
兼容性,252
中国电信,589
低功耗,587
万物,555
常用,242
收款,907
设计院,241
大屏,480
胜利,230
主机,788
关键期,258
转运,404
符合条件,292
亿人,326
复方,293
高瓴,284
慢病,553
胰岛素,330
信达,1915
数值,291
年全,294
自备,280
煤炭行业,352
得力,288
长度,237
美味,420
亿营收,436
索尼,308
含氟,376
冻干,603
人用,226
二类,238
无惧,348
以价,289
换量,229
胶囊,799
一环,228
国药,398
热门,841
竞标,312
超短,231
高估,214
是非,267
旅行社,333
轻奢,218
涂布,397
隔离,695
砥砺,256
玩法,328
颠覆,270
复用,580
白色,297
暖通,204
沉浸,249
桐昆,398
恒力,518
方兴未艾,491
公司债务,210
丽江,268
一二,547
辛醇,262
煤气化,269
网信,217
峰会,578
政府部门,305
投入产品,259
改善目前,219
业已,216
至元元,390
执法,255
邀请,446
抢夺,274
可降解,486
乐普,241
行使,319
饲养,200
三轮,357
倍数,1223
海关,427
远远,378
国内航线,280
快于,446
脚步,244
纯苯,281
合成氨,330
第一轮,320
颗粒,827
复合肥,342
周转量,352
经营策略,864
吉祥,253
助剂,501
直面,244
专精,349
减水剂,370
活性剂,268
首都机场,245
不利于,239
路网,228
特种纸,240
用纸,679
原纸,300
浆纸,526
后扣,222
加回,276
软件产品,699
止跌,274
建筑施工,242
系统升级,221
三电,424
变数,204
亿而,209
宝通,208
近万,318
紧俏,207
钾肥,240
元素,414
海运,1367
导电,338
三种,570
固定成本,825
前年,584
口感,236
西北地区,431
凝聚力,693
新开家,432
质变,287
进口产品,250
辅材,263
提纯,248
石英砂,259
铝箔,296
医美,1306
石家庄,213
日用,255
压铸件,229
爱柯迪,223
亿件,416
麦格,228
压铸,570
冲突,1535
电气化,287
角色,517
站点,207
涨跌幅,1106
亿分,234
商业价值,237
时机,837
交易市场,200
钢研,246
高纳,234
明显增强,340
石脑油,222
尿酸,473
大跌,1017
变化趋势,295
初具,294
狂犬病,372
儿科,297
涂覆,709
半径,470
紫外,215
添加,741
口味,533
柠檬,433
咖啡,336
董监,387
开建,218
江门,209
变形,271
造血,279
熨平,232
知识,356
战斗机,373
内功,439
卡萨帝,216
热水器,260
鸡粉,247
鸡精,353
调味酱,303
因受,207
构件,240
称为,220
高炉,408
达元,302
钢产量,280
近视,302
筛查,355
收比,333
码洋,249
聘请,323
钢企,295
制冷,687
基础架构,216
德州,352
开车,411
既定,423
智联,326
摸索,200
角膜,275
塑形,294
强有力,781
暑期,518
以较,205
三部曲,299
猫眼,212
定档,202
甲基,464
镀膜,431
耦合,319
非金融,743
关注度,1086
流为,851
网联,554
上机,404
碳酸,400
农机,250
起重机械,420
至净,1217
分众传媒,443
广告主,532
钻井,244
伟达,308
中控,391
西威,360
德赛,433
经济运行,493
金融风险,476
北向,1635
消毒,406
双节,364
康复,373
中医,214
外流,637
使用量,371
玻璃纤维,286
玻纤,875
通达,269
略降,1540
指示,224
工装,308
饰件,230
汽车玻璃,202
福耀,618
破产,278
高发,296
略升,236
第二代,816
荣盛,341
极致,993
失衡,507
停车场,207
厚度,302
电极,341
大学,342
化净,225
增配,1453
低利率,395
商行,512
概览,365
之际,443
文具,474
铝价,589
前二,201
蛋氨酸,289
乳制品,696
余万,213
载体,1094
可信,257
通行,255
企业家,363
有所突破,274
愿景,363
急需,205
存续期,279
延展,973
训练,498
省会,509
江山,341
原生,489
变压器,357
起降,493
架次,319
偏枯,275
历来,255
输电,293
期满,207
分拣,263
逐步回归,659
铁矿石,615
年分,215
南宁,233
六成,283
氧化铝,657
阳极,270
白云机场,299
遭遇,638
浦东,358
非航,281
胜率,338
长牛,250
前夕,211
精力,233
电路,410
管委会,258
放大器,265
成形,245
外埠,266
大店,330
合适,483
大连,542
鄂州,208
近成,218
青少年,228
剂型,552
铁塔,252
正版,232
元月,685
循序渐进,219
受新,361
股债,653
指向,513
主板,937
债券市场,272
失业,226
流动资产,828
宏达,277
滨江,344
改扩建,712
投放市场,414
单台,277
支线,312
镶嵌,259
显现出,220
代际,232
钻石,462
固态,517
八月,350
第一股,264
售后,517
阿卡,224
病例,844
科技进步,240
保证金,649
压裂,256
捕捉,328
蜂窝,651
蓝思,207
柴油机,250
国瓷,298
分子筛,201
薄片,271
约元股,217
千万级,415
度及,249
万条,397
高等级,209
超薄,553
单看,537
势必,276
创建,425
钝化,363
划转,371
主力军,362
中央政治局,575
亿片,518
滁州,296
非盈利,262
长单,412
服务化,202
轮胎,889
技术开发区,274
单瓦,253
北美地区,212
臂式,220
建有,359
勘察,601
收为,1721
职务,219
年会,240
主旋律,619
民用航空,366
冲减,223
抢抓,471
砂浆,227
石膏,232
瓷砖,402
食品级,385
诺华,265
收及,401
建筑行业,356
增加值,813
最高值,329
焦化,539
燃气轮机,279
焦炭,850
脱氢,222
炭黑,278
烟标,382
烟草,695
劲嘉,256
联营公司,309
彩盒,230
中烟,272
大包装,288
锚定,350
新房,277
测控,296
美食,293
市场策略,775
体检,255
家用空调,231
西班牙,459
欧洲地区,227
莱特,427
春节假期,437
箱体,223
套餐,478
幕墙,208
裕同,208
白卡纸,228
家年,472
前大,239
美妆,897
深入人心,265
机顶盒,271
中国移动,1275
网关,379
及吨,227
心血管,454
公募,2022
资深,238
航发,687
成功率,220
二十余年,286
国元,1675
视光,295
护理产品,261
不断涌现,214
泰州,260
缴税,239
性支出,218
招股书,419
观影,259
前三大,263
工程塑料,293
一铵,346
磷肥,332
端受,795
年拟,263
取向,315
淮北,291
多轮,352
余款,469
常见,223
木浆,653
千亿元,228
产销两旺,864
卷烟,216
燃烧,340
泸州,1125
工作量,420
绝大部分,636
上升期,291
质量指标,222
战术,293
精品化,364
研运,309
翘楚,275
军费,382
增募,733
战争,403
标志性,201
着力点,261
非经,201
苏交科,203
第七,203
优化结构,390
书店,227
不当,204
端到,450
肉禽,204
入手,273
隐忧,206
拨贷,623
千禾,238
一策,220
发展中国家,227
居民收入,279
稳中有进,517
科技型,258
飞腾,345
受中美,362
可选,813
类比,293
笔电,525
保理,325
复购,493
升华,274
链路,478
曝光,504
触达,605
下全,266
新营销,389
媒介,256
位数,452
楼宇,464
外溢,218
原奶,471
局部地区,426
奶源,251
常温,533
奶酪,333
乳品,224
库存量,328
浮盈,270
多月,233
标普,272
交换机,493
宇航,277
继电器,328
振华,498
引领者,595
建新,221
万亿美元,436
商飞,234
客机,316
记录表,205
国家药监局,381
假期,695
下高,379
为同,347
订阅,668
赞助,285
宏观调控,217
论坛,324
农村部,332
中华,433
专属,369
兑付,214
空缺,203
中台,583
辅导,205
小件,209
电子市场,433
效力,233
蓝筹股,371
为线,213
股以,252
热度,1193
双面,324
重庆市,229
国标,491
菲利,249
东京,243
港交所,201
说明书,675
终端用户,231
海棠,308
鲜明,386
银河,2996
帝欧,214
东鹏,381
精装,912
蒙娜丽莎,213
同减,1453
制冷剂,206
萤石,302
回正,507
东财,484
两融,1446
申请专利,335
格林,255
小组,218
粗略,252
生活馆,286
杂物,258
晨光,536
收割,242
科力,338
中检院,216
物价,553
生物科技,304
康泰,276
接种率,381
中科院,338
编码,201
促成,370
响水,308
节后,1162
濮阳,209
蓝光,351
至前,207
导热,223
生益,463
保监会,350
世界领先,224
暂时性,369
系因,253
四项,659
期初,1936
油运,323
饮品,319
实控人,251
自筹,224
新能车,239
电化学,446
控制系统,1241
很长,218
双抗,344
新机型,489
赎回,560
调性,236
中兴通讯,1226
美国商务部,226
并驾齐驱,211
均会,201
溧阳,223
人造,304
金科,431
火热,503
微创,305
宏发,230
卖出,347
增值税率,374
伟星,366
球囊,253
导管,225
中际旭,257
恢复期,324
决胜,249
金典,225
呼之欲出,215
轴承,233
重机,302
海工,350
年度报告,4017
逐级,436
提至,340
顾客,386
市内,483
经济体,779
酿酒,250
长电,342
异质,549
比特,625
摩尔,409
反垄断,270
免税品,216
新开业,359
电解铝,617
铝业,478
乐山,358
低效,596
通威,1308
荧光,246
日立,292
桂林,280
目的地,332
纠纷,303
重量级,204
电容,587
园林,254
习惯,1185
集成度,236
台积,458
迈上,397
白内障,215
爆品,590
评分,275
淘系,308
氧化物,255
定期,554
在此期间,216
芜湖,294
保温,371
水泵,214
双增,433
军民品,280
老旧,778
换装,402
获准,268
气度,316
内置,210
区分,239
钛白粉,499
氛围,566
应用软件,386
敏捷,281
粮食,576
扬杰,224
节目,377
国庆,1340
催收,201
多亿元,313
维系,231
不动产,272
二号,220
下线,641
仿真,478
大楼,224
专利申请,290
再次出现,222
启明星,352
沈飞,338
消退,2215
海油,249
凝聚,423
爆破,217
亿米,202
外需,655
集装箱,588
为单,548
国人,267
出境游,280
出境,251
帮扶,215
老窖,1136
发债,223
破坏,292
白马股,575
看齐,240
净流量,1042
标段,222
取证,321
捷佳伟创,415
特斯,222
大参林,255
医药工业,362
老百姓,317
一心,235
日上,220
戴姆勒,668
沥青,547
履约,1047
证券市场,345
融券,494
租赁费,271
绝对额,249
各为,364
每次,224
信任,492
停业,349
华虹,475
磁材,344
注塑,232
自行车,278
个点,346
研究部,1745
深耕细作,208
执业,231
胶膜,455
去除,246
较快,293
柏科,283
美亚,578
谋划,222
购买力,220
单归母,231
归因于,430
主体工程,209
亟需,223
于国,200
正反馈,237
网络设备,388
天赐,254
磁性材料,249
暂缓,393
海风,569
新起点,234
电石,236
低碳,784
乳液,278
冷修,336
窑炉,213
巨石,534
已较,240
特异性,201
氨基酸,221
监护,215
择时,247
煤业,992
稳字,349
首台,468
交房,288
厨房电器,215
二极管,315
轻重,227
明年初,279
甘精,208
利拉鲁肽,266
顺利开展,260
佐证,447
入院,202
埃斯,323
食品类,204
猪料,348
蓝色,211
把握住,268
股指,534
售电量,417
视听,232
捐赠,377
啤酒,1596
艺人,248
灯塔,237
多媒体,229
硅业,263
捷佳伟,246
主承销,469
储运,217
多肽,361
日益完善,276
终点,245
后置,241
汇顶,476
逆境,239
砌块,239
药石,271
氢气,504
高考,286
皮卡,573
关节,204
腰部,441
量质,257
代言,322
延缓,669
交易系统,257
档次,310
样机,430
康龙,305
拓店,776
复工,6874
洛阳,408
兽用,276
电表,467
偏移,200
入局,497
对华,396
受高,239
导购,206
链接,374
叠片,224
科锐,299
途中,287
新奥,204
开局,1058
聚烯烃,410
聚乙烯,493
配套率,330
大赛,431
远海,238
联营企业,894
推高,498
卫宁,441
显控,204
表达,317
氢能,875
潍柴,327
条产线,353
失业率,250
底层,1473
拆迁,273
工业硅,291
银行存款,308
台套,208
三月,723
欧派,788
木门,1105
正常化,873
数据安全,749
名录,274
资金周转,210
养成,233
短债,793
非净,345
保底,433
焕新,259
四费,283
能见度,210
亿同,274
东北地区,271
燃气灶,234
安科,301
面包,357
短保,233
月饼,337
桃李,273
调味料,223
中式,265
软体,372
搅拌车,256
泵车,299
预付款,723
酒鬼,279
元单,311
内参,217
中际旭创,351
较难,433
设计师,321
代理商,747
极佳,241
汽协,200
加氢,376
预约,488
货款,1375
流亿,319
增后,219
奖项,248
甲醛,201
型业务,245
延续性,353
烧结,214
错配,856
可视化,544
播出,483
领袖,200
代言人,578
人体,233
股通,228
管家,295
强且,442
单值,254
泰山,295
石膏板,270
办公楼,219
毛坯,219
英雄,273
笑傲江湖,302
端游,363
七月,454
连锁化,401
底仓,214
电新,421
分析师,315
政策措施,322
换手率,219
盖板,306
消品,267
化石,205
泡沫,315
特气,278
抛光,353
发展壮大,258
龙门,238
中为,223
诊所,204
衢州,222
义乌,230
医疗事故,305
多方位,380
安评,281
光线,243
青春,217
较小且,201
个护,498
财务报告,229
材质,478
星源,265
短端,304
环视,293
十四五,6216
重整,413
外包,493
项目数,219
开学,264
限电,1002
大力推广,401
卖点,206
赔偿,206
元前,2111
值元,2097
己内酰胺,417
核酸,841
底座,251
五家,262
水井坊,267
控量,400
五粮液,2104
广告费,437
转嫁,404
制造费用,357
今年底,406
丝网,258
韦尔,573
战略部署,207
等线,213
功效,586
片仔癀,315
鲍威尔,305
洞察,421
加重,543
为分,462
广告宣传,973
区县,408
四联,237
福斯特,314
雾化,222
供需平衡,223
铝材,300
种业,431
玉米价格,233
超高速,304
门诊量,377
表述,900
多窗口,207
响应速度,324
公信力,285
及净,460
华测,404
半导体芯片,339
紫光,931
总线,328
神州,318
下净,475
贡酒,586
航运,478
类目,395
增长量,426
中顺,477
洁柔,469
螳螂,209
爱尔,792
单营收,288
家较,639
国窖,465
带有,205
派发,738
电饭煲,225
炊具,226
经理,296
端端,207
礼品,260
伺服系统,210
拓邦,250
十倍,257
火爆,704
失控,616
病人,215
人均产值,339
业务管理,265
观察期,270
国寿,229
片式,303
微电,396
眼部,204
值得一提的是,262
赛克,302
超倍,253
尾部,275
王牌,222
万站,202
后道,211
赛事,281
狭义,225
神魔,274
建部,391
软件系统,214
财务管理,239
转亏,406
供求关系,220
数码,718
交易平台,235
电子设备,346
关店,373
股及,214
覆盖面广,306
辉煌,222
湘潭,262
首旅,440
参见,246
酒家,345
低档,443
单净,209
大师,211
电能,394
神火,206
微米,272
抛售,290
协鑫,219
美誉度,332
介质,396
应付款,226
公共卫生,701
支点,240
数据管理,226
红旗,453
云网,298
铺子,392
三只,204
坚果,625
心脑血管,351
本年,254
示范区,260
生命科学,448
至天,286
小区,515
屋顶,338
余种,257
药用,434
下营,432
普涨,541
无风险,610
同花顺,208
动画,205
宅配,249
尚品,249
昭衍,246
天山,283
致远,734
行稳,500
推新,692
卡车,217
多摄,277
系受,596
激化,269
亿颗,456
条例,229
硫酸镍,209
乘数,302
抗原,334
集运,220
青松,222
湿巾,226
家化,436
香精香料,327
店面,501
米兰,279
抓住机遇,265
市场准入,247
联创,257
泰和,206
美团,403
回补,1335
股原,212
科思,209
库存商品,513
横跨,268
美欧,394
多措,383
四月,611
普五,404
元含,257
中选,258
酒营收,204
挺价,526
增为,230
承兑汇票,381
五一,555
秩序,268
占归母,245
通行费,284
塔筒,209
长板,210
控盘,232
千元,704
亿港元,252
纳斯达克,422
型基金,315
偏股,241
从量,322
中断,228
中证,928
终结,293
分母,389
证伪,533
及金股,1219
大盘股,309
小红书,322
顺序,728
故障,230
欧美国家,206
阵痛,331
米特,217
备产,246
锂价,424
赣锋,692
奥维,319
策略性,200
兴证,656
自已,580
请参阅,578
文章,462
蓄能,361
战区,384
冷冻,354
明阳,328
变流器,222
浓香,253
瓜子,356
洽洽,407
黄袋,207
蓝袋,237
稀土,998
晶科,401
浮动,339
哪吒,251
扫码,203
见到,262
老凤祥,241
精灵,204
音箱,382
养生,214
铁矿,234
抬高,301
高举高打,325
房租,261
派元,465
半成品,238
侦探,217
匈牙利,252
银保,329
亿纬,212
钼业,274
三道,516
空军,249
至暗,221
黎明,261
不含,219
或能,215
摊薄元,434
三七,902
减至,329
开机,238
折扣率,203
快速反应,233
启用,457
家至家,871
事后,371
组对,617
联邦,203
液态奶,352
迈为,384
天合光,347
中电科,236
星网,316
锐捷,294
预研,376
全景,220
数月,216
亿月,211
抖音,1617
香型,206
曲靖,203
新和成,351
保险业务,263
保单,218
补货,408
显效,327
净开家,202
工业园区,302
国潮,245
上证指数,1777
站稳,454
月线,526
六月,562
黄金周,213
人大,210
上攻,217
天顺,250
小盘股,246
保健,257
心智,409
运输费,799
道琼斯,253
丁酯,203
亿票,200
海大,526
播放,393
五月,626
蟒佰利,297
小麦,306
四价,575
科技股,1297
左侧,562
国际形势,358
斯特,207
相机,240
贯通,258
通用型,201
采浆,355
路由器,422
基膜,508
专营,203
减半,230
看营收,617
食饮,216
着眼于,236
天较,204
周度,247
菲克,225
传祺,222
全系,314
歌尔,576
智驾,205
顾家,534
斗罗,249
技术性,243
新格局,363
生物学,254
看多,352
系高,303
液态,252
新锐,505
轻薄,208
粗纱,280
谷歌,319
内存,244
社服,362
余人,229
月光,211
营商,230
或点,683
浮法玻璃,393
浮法,235
定量,324
代销,1430
肝癌,217
转换器,263
眉山,449
发力线,253
工地,294
全员,225
无菌,297
恩捷,550
相互促进,339
动系统,291
外科,315
攻势,267
城市更新,201
进场,260
利基,314
合营,353
期末存货,522
控本,205
龙骨,217
拍摄,262
国际局势,202
禽料,277
利用效率,303
磨底,220
代号,263
家净,325
舍得,304
分析判断,2178
阀门,238
装企,200
南下,268
力及,287
金及,278
龙马,203
中小银行,256
内核,329
以南,239
首年,233
复兴,623
县域,320
特曲,467
瘟疫,433
龙芯,290
伯特利,286
对营收,273
收红,201
久远,275
测温,229
我军,357
银海,247
物资,1181
元拟,355
涨跌,277
文档,221
扩招,238
宿迁,234
制氢,435
补涨,643
激光雷达,507
晶澳,410
长亮,233
阻燃剂,207
电子电器,282
兆易,420
福利,308
广和通,246
电驱,478
全面实现,216
本色,292
大族,256
涨停,526
中共中央政治局,274
塔机,318
预浸料,274
提涨,217
鸿路,541
抗击,308
毛净,245
能源需求,239
华兰,408
复发,371
个净,217
铝加工,209
民众,245
由盈,212
原电池,220
龙头股,668
有超,263
算力,512
多头,377
三月份,218
晶体生长,250
费效,296
天至天,622
雨水,252
青菜头,208
榨菜,504
按摩,209
万里,307
社群,456
刀具,252
多糖,337
摄像,257
浆价,492
溶解,286
久期,253
全局,260
不宜,313
分量,240
半月,1919
紧扣,323
万例,340
至分,613
增员,207
阔叶,265
针叶,213
三花智控,415
塔牌,200
光刻,200
差旅,292
不以,209
慧康,406
齿科,262
通富,256
酸奶,307
白奶,208
冷饮,254
报年,335
胶原蛋白,205
拟派,346
粉末,201
床垫,464
期中,354
膨胀阀,253
数天,548
周转天,575
控制技术,332
核心网,245
奥特,216
比分,351
类及,237
蒙牛,294
溶液,361
看线,267
一年期,498
四是,512
毛销,727
至人,299
传音,203
紧急,352
现元,486
水晶,292
及线,369
单平,329
美容,788
付现,710
就诊,245
悬架,249
选股,361
线索,288
指月线,223
建国,240
字头,216
企业债,209
三步走,217
首例,230
基因治疗,369
脉冲,327
费控,245
环氧乙烷,440
差旅费,364
股月,207
美债,979
问道,305
至线,201
粘胶,237
主要矛盾,289
转战,216
跳动,247
字节,287
申购,300
降解塑料,458
比拟,238
立法,201
九木,258
议息,584
活期,290
一览,240
平均法,218
测评,232
旗滨,574
经济社会,254
系新,506
融出,462
豁免,275
原液,248
快手,519
容百,281
抽水,246
扩表,509
缺芯,965
联名,463
排序,668
电竞,205
公牛,245
健友,200
了结,448
通科技,220
受控,322
销额,320
赶工,359
股行情,335
益丰,321
先后顺序,566
外拓,232
富时,305
六神,230
佰草集,312
同归,312
精煤,352
君正,213
绩优,274
欧美地区,228
电力系统,530
精华,628
输入,390
方向性,203
偏松,387
类营收,209
斜率,397
金域,498
只会,221
种草,217
短纤,380
巨人,316
精加工,266
刀片,528
中微,283
金九银,319
购建,278
大促,366
物管,383
复刻,203
十一,412
超快,211
出口额,264
不定期,409
报中,660
早餐,226
轻松,227
盐津,258
砂石,211
外加剂,216
双控,857
攻守,297
钴业,450
华友,567
第八代,227
海运费,653
舆情,276
以下内容,146954
梦幻,391
大全,207
抱团,1321
中交,259
指收,253
黑猫,202
华西,3707
书写,200
财金,313
神通,238
右侧,202
蓝鲸,203
中欧,332
调料,231
半导,257
坚朗,227
光储,207
泡泡,203
降归母,290
修护,207
原片,234
凝胶,443
黄磷,248
志邦,296
平静,450
九月,352
域控制器,519
显着,224
股将,255
酸钠,247
端正,340
博腾,273
中银,1958
上车,206
带货,768
防晒,201
面部,205
新易盛,210
宴席,377
三友,225
本季度,280
特新,301
苏博特,342
成药,280
中西,273
抚顺,322
水稻,220
从德邦,342
续作,292
车规,428
油脂,411
国微,502
德方,256
周中,1791
日升,209
天味,258
底料,243
扩大内需,298
汛情,210
冗余,233
抗衰,252
大选,763
日股,271
投影仪,243
粮食安全,361
房住,367
科顺,260
扫地机,271
明泰,246
从国金,3235
邮储,521
绩优股,247
华熙,448
宇宙,599
窗期,310
石头,315
急转弯,432
持久战,216
拥挤,657
报季,444
抗跌,222
卓胜微,270
金刚石,223
宝丰,384
硅宝,233
中泰金股,608
一拳,259
智家,624
确诊,716
盈孚,464
预喜率,229
下稳,213
移远,419
眼霜,238
慢涨,580
柏楚,213
遗迹,256
战神,255
幻塔,318
鸿蒙,201
摘录,146946
从国海,1646
从华创,4146
从华鑫,806
从万联,828
期研报,382
从川财,737
从国元,1501
钠离子,200
绿电,260
清零,242
大研,286
彩棠,234
小熊,261
以我为主,242
口罩,985
从本,3835
滞胀,350
信创,2050
安恒,202
透明质,454
积余,256
私域,639
爱美,420
重仓股,322
从粤开,647
粤开,647
化工机械,336
双循环,452
破圈,286
数智化,406
冠状病毒,930
新冠,12526
抗疫,796
斯达,218
受新冠,2107
疫后,847
红宝石,222
为亮,1778
亮马,1778
姐姐,245
每市,277
自播,304
逍遥,268
封控,248
薇诺娜,221
洗地机,252
只供,250
碳中,1910
广汽埃安,204
集萃,647
拜登,517
金工,320
华利,211
绿档,412
碳达峰,921
散点,237
共同富裕,223
双碳,1726
极米,215
贝泰妮,367
双减,221
俄乌,689
